{
    "botName": "kev",
    "ownerName": "kevin apta",
    "BarBarKey": "PmPuNA4yCZa3iuBGs5Nw",
    "VhtearKey": "c1d162b46e634f389efa1ac715f03d03",
    "NaufalKey": "0LeVii-SNjD2G-QBls0v", 
    "Lol": "847de7716f17a51eeba4235c", 
    "TobzKe": "Tobzzz17",
    "XteamKey": "58a7334f7c2c0d93",      
    "ownerNumber": "6283141621181@s.whatsapp.net, 6282151717363@s.whatsapp.net",
    "botPrefix": "!", 
    "batre": "85", 
    "chargi": "yes", 
    "jsjsn": "hah", 
    "GrupLimitz": "2",
    "UserLimitz": "20",
    "UserLimitz": "2",
    "Updateti": "22/03 00:37:26",
    "Updath": "fitur update",
    "orr": "ytmp4",
    "errr": "22/03 00:37:26",
    "CeerTod": "𝐕𝐄𝐑𝐈𝐅𝐈𝐄𝐃"
}
