[{"id":"6283141621181@s.whatsapp.net","xp":2001960578,"level":204},{"id":"628979715167@s.whatsapp.net","xp":159429,"level":6},{"id":"6285227219588@s.whatsapp.net","xp":716355,"level":8},{"id":"6289523041725@s.whatsapp.net","xp":1310731,"level":9},{"id":"6281328585184@s.whatsapp.net","xp":2021,"level":1},{"id":"6281213447199@s.whatsapp.net","xp":2287874,"level":9},{"id":"6282131513756@s.whatsapp.net","xp":124019,"level":5},{"id":"60143727352@s.whatsapp.net","xp":301633,"level":6},{"id":"6287840554758@s.whatsapp.net","xp":73549,"level":4},{"id":"6281802920695@s.whatsapp.net","xp":1274364,"level":8},{"id":"601123713539@s.whatsapp.net","xp":277585,"level":6},{"id":"6285798859583@s.whatsapp.net","xp":40898,"level":4},{"id":"6285787654579@s.whatsapp.net","xp":2016,"level":1},{"id":"6288263409074@s.whatsapp.net","xp":100404,"level":5},{"id":"6289623314907@s.whatsapp.net","xp":489904,"level":7},{"id":"6281315237711@s.whatsapp.net","xp":8569,"level":2},{"id":"6285815573014@s.whatsapp.net","xp":1,"level":1},{"id":"6283817483786@s.whatsapp.net","xp":648215,"level":8},{"id":"6287739654379@s.whatsapp.net","xp":9582,"level":2},{"id":"628884111849@s.whatsapp.net","xp":501,"level":1},{"id":"628971746302@s.whatsapp.net","xp":205970,"level":6},{"id":"6287708881667@s.whatsapp.net","xp":8105,"level":2},{"id":"6282280763589@s.whatsapp.net","xp":55496,"level":4},{"id":"6281250508228@s.whatsapp.net","xp":38341,"level":4},{"id":"6285879339583@s.whatsapp.net","xp":144252,"level":5},{"id":"6282189977773@s.whatsapp.net","xp":123102,"level":5},{"id":"6283856985954@s.whatsapp.net","xp":417670,"level":7},{"id":"6289658939137@s.whatsapp.net","xp":439249,"level":7},{"id":"6285825087433@s.whatsapp.net","xp":340524,"level":7},{"id":"628970221353@s.whatsapp.net","xp":60532,"level":4},{"id":"628872353582@s.whatsapp.net","xp":237568,"level":6},{"id":"6285546373547@s.whatsapp.net","xp":448491,"level":7},{"id":"6287884620189@s.whatsapp.net","xp":22192,"level":3},{"id":"6282343530490@s.whatsapp.net","xp":6575,"level":2},{"id":"6281364696564@s.whatsapp.net","xp":377823,"level":7},{"id":"6285849340520@s.whatsapp.net","xp":18640,"level":3},{"id":"6289656226392@s.whatsapp.net","xp":274451,"level":6},{"id":"6285732634698@s.whatsapp.net","xp":226314,"level":6},{"id":"6288803025020@s.whatsapp.net","xp":713416,"level":8},{"id":"6281316964822@s.whatsapp.net","xp":14150,"level":2},{"id":"6285796781446@s.whatsapp.net","xp":9595,"level":2},{"id":"6282190869256@s.whatsapp.net","xp":3028,"level":1},{"id":"6285707130343@s.whatsapp.net","xp":245673,"level":6},{"id":"6285740544143@s.whatsapp.net","xp":399303,"level":7},{"id":"6285336249244@s.whatsapp.net","xp":235593,"level":6},{"id":"6285712712324@s.whatsapp.net","xp":1,"level":1},{"id":"6282186833788@s.whatsapp.net","xp":2074628,"level":9},{"id":"6285369401096@s.whatsapp.net","xp":342137,"level":7},{"id":"6288227782404@s.whatsapp.net","xp":27253,"level":3},{"id":"6285693358997@s.whatsapp.net","xp":517531,"level":7},{"id":"6285792669250@s.whatsapp.net","xp":134753,"level":5},{"id":"6287802789712@s.whatsapp.net","xp":430983,"level":7},{"id":"6287807034981@s.whatsapp.net","xp":174578,"level":6},{"id":"6288293217641@s.whatsapp.net","xp":4044,"level":1},{"id":"6282287084166@s.whatsapp.net","xp":401003,"level":7},{"id":"6289655819061@s.whatsapp.net","xp":1337428,"level":9},{"id":"6288247142417@s.whatsapp.net","xp":1511,"level":1},{"id":"6282215769134@s.whatsapp.net","xp":56525,"level":4},{"id":"6281774993989@s.whatsapp.net","xp":19152,"level":3},{"id":"6287818896988@s.whatsapp.net","xp":144817,"level":5},{"id":"6281291497223@s.whatsapp.net","xp":8093,"level":2},{"id":"6289602676140@s.whatsapp.net","xp":445561,"level":7},{"id":"6281286591152@s.whatsapp.net","xp":1524,"level":1},{"id":"6281918532071@s.whatsapp.net","xp":11098,"level":2},{"id":"6282116391919@s.whatsapp.net","xp":637286,"level":8},{"id":"6285741056111@s.whatsapp.net","xp":217450,"level":6},{"id":"6288291479763@s.whatsapp.net","xp":253288,"level":6},{"id":"6287722519255@s.whatsapp.net","xp":675222,"level":8},{"id":"6282151717363@s.whatsapp.net","xp":532774,"level":7},{"id":"6283846265315@s.whatsapp.net","xp":30261,"level":3},{"id":"62895330010129@s.whatsapp.net","xp":3932675,"level":10},{"id":"628561764317@s.whatsapp.net","xp":205388,"level":6},{"id":"6287857069212@s.whatsapp.net","xp":107947,"level":5},{"id":"6282195753709@s.whatsapp.net","xp":3527,"level":1},{"id":"6281376078098@s.whatsapp.net","xp":1,"level":1},{"id":"6285795368265@s.whatsapp.net","xp":2041458,"level":9},{"id":"6285784836805@s.whatsapp.net","xp":5048,"level":2},{"id":"6285157758315@s.whatsapp.net","xp":1,"level":1},{"id":"6285705697589@s.whatsapp.net","xp":7554,"level":2},{"id":"6285706919084@s.whatsapp.net","xp":1,"level":1},{"id":"6285156696314@s.whatsapp.net","xp":9071,"level":2},{"id":"62895358029192@s.whatsapp.net","xp":185646,"level":6},{"id":"6281298667241@s.whatsapp.net","xp":131693,"level":5},{"id":"6285726297302@s.whatsapp.net","xp":33177,"level":3},{"id":"6287814936131@s.whatsapp.net","xp":10092,"level":2},{"id":"6281220132071@s.whatsapp.net","xp":378759,"level":7},{"id":"6281213729925@s.whatsapp.net","xp":5566,"level":2},{"id":"62895622151215@s.whatsapp.net","xp":724552,"level":8},{"id":"6285753983120@s.whatsapp.net","xp":62011,"level":4},{"id":"6288805968941@s.whatsapp.net","xp":508342,"level":7},{"id":"6285288969855@s.whatsapp.net","xp":206457,"level":6},{"id":"6283878774080@s.whatsapp.net","xp":13614,"level":2},{"id":"6281392417813@s.whatsapp.net","xp":8580,"level":2},{"id":"6281910195474@s.whatsapp.net","xp":14656,"level":2},{"id":"6282151974251@s.whatsapp.net","xp":222909,"level":6},{"id":"62831410044081@s.whatsapp.net","xp":29702,"level":3},{"id":"62895700328895@s.whatsapp.net","xp":3521,"level":1},{"id":"6285715487091@s.whatsapp.net","xp":1512764,"level":9},{"id":"6285722452521@s.whatsapp.net","xp":4031,"level":1},{"id":"6287758022820@s.whatsapp.net","xp":20692,"level":3},{"id":"6283820073017@s.whatsapp.net","xp":1020873,"level":8},{"id":"6282280414564@s.whatsapp.net","xp":508,"level":1},{"id":"62895630651154@s.whatsapp.net","xp":13113,"level":2},{"id":"6281396234922@s.whatsapp.net","xp":14153,"level":2},{"id":"62881023352709@s.whatsapp.net","xp":100348,"level":5},{"id":"60149426608@s.whatsapp.net","xp":108966,"level":5},{"id":"6288286421519@s.whatsapp.net","xp":1,"level":1},{"id":"6282314914726@s.whatsapp.net","xp":16154,"level":3},{"id":"6285692847030@s.whatsapp.net","xp":246209,"level":6},{"id":"6285266171185@s.whatsapp.net","xp":73631,"level":4},{"id":"6281241446371@s.whatsapp.net","xp":23194,"level":3},{"id":"6285716210254@s.whatsapp.net","xp":1060006,"level":8},{"id":"6285892048430@s.whatsapp.net","xp":180685,"level":6},{"id":"628970920218@s.whatsapp.net","xp":32295,"level":3},{"id":"6281949136422@s.whatsapp.net","xp":641688,"level":8},{"id":"6288225270323@s.whatsapp.net","xp":1157369,"level":8},{"id":"6289516819751@s.whatsapp.net","xp":345191,"level":7},{"id":"628999017276@s.whatsapp.net","xp":1,"level":1},{"id":"6285872650482@s.whatsapp.net","xp":32795,"level":3},{"id":"6285641002605@s.whatsapp.net","xp":1,"level":1},{"id":"6289630847637@s.whatsapp.net","xp":1514,"level":1},{"id":"628991101398@s.whatsapp.net","xp":74133,"level":4},{"id":"6289676422397@s.whatsapp.net","xp":110461,"level":5},{"id":"60192527633@s.whatsapp.net","xp":21188,"level":3},{"id":"6282335238749@s.whatsapp.net","xp":1,"level":1},{"id":"6285645042274@s.whatsapp.net","xp":1009585,"level":8},{"id":"6285646739355@s.whatsapp.net","xp":1,"level":1},{"id":"6283106534333@s.whatsapp.net","xp":210317,"level":6},{"id":"62895800031013@s.whatsapp.net","xp":10077,"level":2},{"id":"6289603743991@s.whatsapp.net","xp":32768,"level":3},{"id":"6285654041237@s.whatsapp.net","xp":1,"level":1},{"id":"6285759629843@s.whatsapp.net","xp":13633,"level":2},{"id":"6282333856383@s.whatsapp.net","xp":443362,"level":7},{"id":"6285704369034@s.whatsapp.net","xp":1,"level":1},{"id":"6281391272251@s.whatsapp.net","xp":1,"level":1},{"id":"6281315894233@s.whatsapp.net","xp":24213,"level":3},{"id":"62895334300480@s.whatsapp.net","xp":1,"level":1},{"id":"6283879080315@s.whatsapp.net","xp":1,"level":1},{"id":"6288270980674@s.whatsapp.net","xp":79266,"level":5},{"id":"6285876735659@s.whatsapp.net","xp":100918,"level":5},{"id":"6287755776484@s.whatsapp.net","xp":1,"level":1},{"id":"6285704209985@s.whatsapp.net","xp":7559,"level":2},{"id":"628998245333@s.whatsapp.net","xp":1521,"level":1},{"id":"6282310924339@s.whatsapp.net","xp":834598,"level":8},{"id":"6281257499298@s.whatsapp.net","xp":1517,"level":1},{"id":"6281270363056@s.whatsapp.net","xp":1,"level":1},{"id":"6282288640935@s.whatsapp.net","xp":13113,"level":2},{"id":"6288213259585@s.whatsapp.net","xp":44415,"level":4},{"id":"6282233237317@s.whatsapp.net","xp":71623,"level":4},{"id":"6283875372250@s.whatsapp.net","xp":1,"level":1},{"id":"6281316793135@s.whatsapp.net","xp":1,"level":1},{"id":"6285724512925@s.whatsapp.net","xp":69077,"level":4},{"id":"6283192710020@s.whatsapp.net","xp":1010,"level":1},{"id":"6285389233820@s.whatsapp.net","xp":141765,"level":5},{"id":"6285788549414@s.whatsapp.net","xp":1,"level":1},{"id":"6281260899819@s.whatsapp.net","xp":1,"level":1},{"id":"6285807469526@s.whatsapp.net","xp":226411,"level":6},{"id":"6285778454238@s.whatsapp.net","xp":19171,"level":3},{"id":"6281273450142@s.whatsapp.net","xp":11604,"level":2},{"id":"6281278218720@s.whatsapp.net","xp":36862,"level":4},{"id":"6287774459674@s.whatsapp.net","xp":25730,"level":3},{"id":"6287880202071@s.whatsapp.net","xp":38382,"level":4},{"id":"6285277635100@s.whatsapp.net","xp":22197,"level":3},{"id":"6289630719381@s.whatsapp.net","xp":129092,"level":5},{"id":"6287813523081@s.whatsapp.net","xp":1516,"level":1},{"id":"62895402739100@s.whatsapp.net","xp":1,"level":1},{"id":"6281233559679@s.whatsapp.net","xp":466704,"level":7},{"id":"6282285360859@s.whatsapp.net","xp":510,"level":1},{"id":"6281246167985@s.whatsapp.net","xp":311350,"level":6},{"id":"5513997105486@s.whatsapp.net","xp":1009,"level":1},{"id":"6283178425513@s.whatsapp.net","xp":10091,"level":2},{"id":"6282281502857@s.whatsapp.net","xp":8088,"level":2},{"id":"6289613926688@s.whatsapp.net","xp":266814,"level":6},{"id":"6285721829502@s.whatsapp.net","xp":172094,"level":6},{"id":"6289670394574@s.whatsapp.net","xp":1,"level":1},{"id":"6287832082143@s.whatsapp.net","xp":6558,"level":2},{"id":"6281227798059@s.whatsapp.net","xp":5562,"level":2},{"id":"6282113405897@s.whatsapp.net","xp":76610,"level":5},{"id":"6285772212292@s.whatsapp.net","xp":1519,"level":1},{"id":"6281928235916@s.whatsapp.net","xp":2515,"level":1},{"id":"6282198068976@s.whatsapp.net","xp":482666,"level":7},{"id":"6281231671556@s.whatsapp.net","xp":1006,"level":1},{"id":"6283844409152@s.whatsapp.net","xp":74655,"level":4},{"id":"6285807453415@s.whatsapp.net","xp":370395,"level":7},{"id":"628164272766@s.whatsapp.net","xp":3536,"level":1},{"id":"6281241437204@s.whatsapp.net","xp":38323,"level":4},{"id":"6288228230175@s.whatsapp.net","xp":27737,"level":3},{"id":"62895336144298@s.whatsapp.net","xp":524204,"level":7},{"id":"6285693788630@s.whatsapp.net","xp":256575,"level":6},{"id":"6282380770407@s.whatsapp.net","xp":18165,"level":3},{"id":"6283834314064@s.whatsapp.net","xp":6033,"level":2},{"id":"6281293876445@s.whatsapp.net","xp":1,"level":1},{"id":"6285753353608@s.whatsapp.net","xp":1,"level":1},{"id":"6281262593867@s.whatsapp.net","xp":11090,"level":2},{"id":"6285240750713@s.whatsapp.net","xp":476321,"level":7},{"id":"6285270927048@s.whatsapp.net","xp":4538,"level":1},{"id":"6287897913273@s.whatsapp.net","xp":14122,"level":2},{"id":"6281377526694@s.whatsapp.net","xp":1,"level":1},{"id":"6283894669236@s.whatsapp.net","xp":1,"level":1},{"id":"6283168556669@s.whatsapp.net","xp":1,"level":1},{"id":"6285727315168@s.whatsapp.net","xp":1,"level":1},{"id":"6285895122220@s.whatsapp.net","xp":302160,"level":6},{"id":"6281330368414@s.whatsapp.net","xp":187194,"level":6},{"id":"6282163708107@s.whatsapp.net","xp":534210,"level":7},{"id":"6285797911407@s.whatsapp.net","xp":42357,"level":4},{"id":"6281548222749@s.whatsapp.net","xp":37393,"level":4},{"id":"79673881680@s.whatsapp.net","xp":1,"level":1},{"id":"6285708667019@s.whatsapp.net","xp":71128,"level":4},{"id":"6281223818994@s.whatsapp.net","xp":1,"level":1},{"id":"6285382557453@s.whatsapp.net","xp":1,"level":1},{"id":"6288272024321@s.whatsapp.net","xp":326728,"level":7},{"id":"6285242616212@s.whatsapp.net","xp":1,"level":1},{"id":"6281247965365@s.whatsapp.net","xp":1,"level":1},{"id":"6285961199804@s.whatsapp.net","xp":14628,"level":2},{"id":"6282159228481@s.whatsapp.net","xp":73159,"level":4},{"id":"6281381977015@s.whatsapp.net","xp":48955,"level":4},{"id":"6283861681156@s.whatsapp.net","xp":40835,"level":4},{"id":"6289648847616@s.whatsapp.net","xp":1,"level":1},{"id":"6283148417463@s.whatsapp.net","xp":15631,"level":3},{"id":"6285338401221@s.whatsapp.net","xp":11615,"level":2},{"id":"6283869812072@s.whatsapp.net","xp":17152,"level":3},{"id":"60167520965@s.whatsapp.net","xp":52560,"level":4},{"id":"6285846572537@s.whatsapp.net","xp":4543,"level":1},{"id":"62895616041310@s.whatsapp.net","xp":1,"level":1},{"id":"62895321685296@s.whatsapp.net","xp":503,"level":1},{"id":"6282247440545@s.whatsapp.net","xp":1,"level":1},{"id":"6283169394792@s.whatsapp.net","xp":1,"level":1},{"id":"6285880452613@s.whatsapp.net","xp":62559,"level":4},{"id":"6288271563226@s.whatsapp.net","xp":2532,"level":1},{"id":"6282338156918@s.whatsapp.net","xp":221412,"level":6},{"id":"6288232168935@s.whatsapp.net","xp":1524,"level":1},{"id":"628117598199@s.whatsapp.net","xp":11099,"level":2},{"id":"6285332366128@s.whatsapp.net","xp":79206,"level":5},{"id":"62895350490103@s.whatsapp.net","xp":110981,"level":5},{"id":"6285268902601@s.whatsapp.net","xp":1,"level":1},{"id":"6281572592439@s.whatsapp.net","xp":20299,"level":3},{"id":"628992610306@s.whatsapp.net","xp":72650,"level":4},{"id":"6289637040915@s.whatsapp.net","xp":44917,"level":4},{"id":"6282132646180@s.whatsapp.net","xp":1,"level":1},{"id":"6281339487880@s.whatsapp.net","xp":1517,"level":1},{"id":"62813828362492@s.whatsapp.net","xp":378002,"level":7},{"id":"6281370171344@s.whatsapp.net","xp":13612,"level":2},{"id":"62895806679908@s.whatsapp.net","xp":233104,"level":6},{"id":"6282123223061@s.whatsapp.net","xp":3534,"level":1},{"id":"6287833362646@s.whatsapp.net","xp":1,"level":1},{"id":"6285604443200@s.whatsapp.net","xp":1,"level":1},{"id":"6281546858908@s.whatsapp.net","xp":5533,"level":2},{"id":"6281339668339@s.whatsapp.net","xp":66601,"level":4},{"id":"6285157499865@s.whatsapp.net","xp":9086,"level":2},{"id":"6281216659906@s.whatsapp.net","xp":29730,"level":3},{"id":"6281390411978@s.whatsapp.net","xp":1,"level":1},{"id":"6283130567548@s.whatsapp.net","xp":1,"level":1},{"id":"6283824785002@s.whatsapp.net","xp":4547,"level":1},{"id":"6282260284596@s.whatsapp.net","xp":32783,"level":3},{"id":"6285773090560@s.whatsapp.net","xp":420827,"level":7},{"id":"6283126231969@s.whatsapp.net","xp":1,"level":1},{"id":"6281528743676@s.whatsapp.net","xp":1,"level":1},{"id":"6281515860089@s.whatsapp.net","xp":1,"level":1},{"id":"6287841171672@s.whatsapp.net","xp":1,"level":1},{"id":"6285299428819@s.whatsapp.net","xp":2019,"level":1},{"id":"6281282320740@s.whatsapp.net","xp":9066,"level":2},{"id":"62895613126425@s.whatsapp.net","xp":1,"level":1},{"id":"6289650814969@s.whatsapp.net","xp":1,"level":1},{"id":"60133423726@s.whatsapp.net","xp":1,"level":1},{"id":"6287877143214@s.whatsapp.net","xp":83244,"level":5},{"id":"62895390960123@s.whatsapp.net","xp":16656,"level":3},{"id":"6288294232153@s.whatsapp.net","xp":2024,"level":1},{"id":"6285856917800@s.whatsapp.net","xp":125270,"level":5},{"id":"60182375824@s.whatsapp.net","xp":47423,"level":4},{"id":"6281999525044@s.whatsapp.net","xp":1,"level":1},{"id":"6282283398162@s.whatsapp.net","xp":501,"level":1},{"id":"6283802341424@s.whatsapp.net","xp":3023,"level":1},{"id":"6285691783648@s.whatsapp.net","xp":2018,"level":1},{"id":"6282136153691@s.whatsapp.net","xp":8071,"level":2},{"id":"6287711651990@s.whatsapp.net","xp":11086,"level":2},{"id":"6281573216768@s.whatsapp.net","xp":1,"level":1},{"id":"6285694435618@s.whatsapp.net","xp":1,"level":1},{"id":"6281271527017@s.whatsapp.net","xp":1,"level":1},{"id":"6281286969768@s.whatsapp.net","xp":1,"level":1},{"id":"62895609817703@s.whatsapp.net","xp":1,"level":1},{"id":"6281387251816@s.whatsapp.net","xp":1,"level":1},{"id":"6281211350795@s.whatsapp.net","xp":7561,"level":2},{"id":"6283809697856@s.whatsapp.net","xp":1,"level":1},{"id":"6282116005693@s.whatsapp.net","xp":1,"level":1},{"id":"62895618424003@s.whatsapp.net","xp":822655,"level":8},{"id":"62895422623817@s.whatsapp.net","xp":1,"level":1},{"id":"6285349605120@s.whatsapp.net","xp":12624,"level":2},{"id":"6287828588775@s.whatsapp.net","xp":9101,"level":2},{"id":"6285713752661@s.whatsapp.net","xp":1,"level":1},{"id":"6285738033165@s.whatsapp.net","xp":1,"level":1},{"id":"6283144320763@s.whatsapp.net","xp":1,"level":1},{"id":"62895802964477@s.whatsapp.net","xp":1,"level":1},{"id":"6285651056386@s.whatsapp.net","xp":2524,"level":1},{"id":"6285399503587@s.whatsapp.net","xp":1,"level":1},{"id":"628811369340@s.whatsapp.net","xp":1,"level":1},{"id":"60163863274@s.whatsapp.net","xp":1003,"level":1},{"id":"6285669060829@s.whatsapp.net","xp":1,"level":1},{"id":"6289649942208@s.whatsapp.net","xp":2026,"level":1},{"id":"6281268070636@s.whatsapp.net","xp":1,"level":1},{"id":"628871936538@s.whatsapp.net","xp":1,"level":1},{"id":"6285372595219@s.whatsapp.net","xp":30253,"level":3},{"id":"6281247945291@s.whatsapp.net","xp":25216,"level":3},{"id":"6282152259663@s.whatsapp.net","xp":1,"level":1},{"id":"6287736415947@s.whatsapp.net","xp":100004,"level":5},{"id":"62859141494495@s.whatsapp.net","xp":42868,"level":4},{"id":"6281246096310@s.whatsapp.net","xp":11105,"level":2},{"id":"6287703662494@s.whatsapp.net","xp":12618,"level":2},{"id":"62895324855074@s.whatsapp.net","xp":1,"level":1},{"id":"6288216973551@s.whatsapp.net","xp":1,"level":1},{"id":"6283801796805@s.whatsapp.net","xp":1,"level":1},{"id":"6289514991057@s.whatsapp.net","xp":1,"level":1},{"id":"6285374043700@s.whatsapp.net","xp":1,"level":1},{"id":"6285365385191@s.whatsapp.net","xp":7069,"level":2},{"id":"6281343942388@s.whatsapp.net","xp":1,"level":1},{"id":"6282139877759@s.whatsapp.net","xp":1,"level":1},{"id":"6282127103335@s.whatsapp.net","xp":30264,"level":3},{"id":"6285785938762@s.whatsapp.net","xp":1,"level":1},{"id":"6285727736675@s.whatsapp.net","xp":1513,"level":1},{"id":"628819005140@s.whatsapp.net","xp":1,"level":1},{"id":"628989519165@s.whatsapp.net","xp":1,"level":1},{"id":"6281244419945@s.whatsapp.net","xp":4538,"level":1},{"id":"6281346238815@s.whatsapp.net","xp":1,"level":1},{"id":"6285856188774@s.whatsapp.net","xp":1,"level":1},{"id":"6283825747155@s.whatsapp.net","xp":1,"level":1},{"id":"60196731516@s.whatsapp.net","xp":670345,"level":8},{"id":"6287898715391@s.whatsapp.net","xp":1,"level":1},{"id":"6289639281488@s.whatsapp.net","xp":1,"level":1},{"id":"6282294770494@s.whatsapp.net","xp":102949,"level":5},{"id":"6285717121327@s.whatsapp.net","xp":1,"level":1},{"id":"6281249044930@s.whatsapp.net","xp":4535,"level":1},{"id":"628816237179@s.whatsapp.net","xp":1,"level":1},{"id":"6285159975851@s.whatsapp.net","xp":7076,"level":2},{"id":"6281929707719@s.whatsapp.net","xp":1,"level":1},{"id":"6289517283052@s.whatsapp.net","xp":1,"level":1},{"id":"6283153725715@s.whatsapp.net","xp":304654,"level":6},{"id":"6282245884173@s.whatsapp.net","xp":1,"level":1},{"id":"6288802715898@s.whatsapp.net","xp":1,"level":1},{"id":"6281228325330@s.whatsapp.net","xp":1,"level":1},{"id":"6283161581261@s.whatsapp.net","xp":9569,"level":2},{"id":"6283165311162@s.whatsapp.net","xp":168983,"level":6},{"id":"6285810880705@s.whatsapp.net","xp":1,"level":1},{"id":"6285728592524@s.whatsapp.net","xp":1,"level":1},{"id":"6282197105766@s.whatsapp.net","xp":1,"level":1},{"id":"62813828362494@s.whatsapp.net","xp":901283,"level":8},{"id":"6289602968056@s.whatsapp.net","xp":1,"level":1},{"id":"6283831025817@s.whatsapp.net","xp":1,"level":1},{"id":"6285712460547@s.whatsapp.net","xp":2013,"level":1},{"id":"62895601454010@s.whatsapp.net","xp":1,"level":1},{"id":"6285864050102@s.whatsapp.net","xp":2522,"level":1},{"id":"6281278580406@s.whatsapp.net","xp":1,"level":1},{"id":"6281315650365@s.whatsapp.net","xp":1,"level":1},{"id":"6289528841439@s.whatsapp.net","xp":25216,"level":3},{"id":"6282151717363@s.whatsapp.net","xp":44408,"level":4},{"id":"6283805411228@s.whatsapp.net","xp":1010,"level":1},{"id":"6283144413696@s.whatsapp.net","xp":1,"level":1},{"id":"6283156601599@s.whatsapp.net","xp":1,"level":1},{"id":"60166327873@s.whatsapp.net","xp":10087,"level":2},{"id":"6285763566284@s.whatsapp.net","xp":1,"level":1},{"id":"6281319971083@s.whatsapp.net","xp":1,"level":1},{"id":"6287726950876@s.whatsapp.net","xp":33302,"level":3},{"id":"6285657258067@s.whatsapp.net","xp":2018,"level":1},{"id":"6283106392149@s.whatsapp.net","xp":32295,"level":3},{"id":"6282196899917@s.whatsapp.net","xp":1,"level":1},{"id":"6281336643500@s.whatsapp.net","xp":11592,"level":2},{"id":"6282158408001@s.whatsapp.net","xp":217963,"level":6},{"id":"6283191803372@s.whatsapp.net","xp":48966,"level":4},{"id":"6285645038828@s.whatsapp.net","xp":6044,"level":2},{"id":"6282199668369@s.whatsapp.net","xp":1,"level":1},{"id":"62895340503776@s.whatsapp.net","xp":90820,"level":5},{"id":"6285923262367@s.whatsapp.net","xp":1,"level":1},{"id":"6288805665207@s.whatsapp.net","xp":12078,"level":2},{"id":"6281339094128@s.whatsapp.net","xp":19175,"level":3},{"id":"6282281321618@s.whatsapp.net","xp":1,"level":1},{"id":"6281953568961@s.whatsapp.net","xp":3517,"level":1},{"id":"6282363190535@s.whatsapp.net","xp":4044,"level":1},{"id":"6282318050389@s.whatsapp.net","xp":1,"level":1},{"id":"6285705645580@s.whatsapp.net","xp":1,"level":1},{"id":"62882009327069@s.whatsapp.net","xp":1,"level":1},{"id":"6285691053075@s.whatsapp.net","xp":1,"level":1},{"id":"6283142078773@s.whatsapp.net","xp":508,"level":1},{"id":"6282224117790@s.whatsapp.net","xp":1,"level":1},{"id":"6281239706976@s.whatsapp.net","xp":90308,"level":5},{"id":"6285246945053@s.whatsapp.net","xp":42897,"level":4},{"id":"6283184036626@s.whatsapp.net","xp":3035,"level":1},{"id":"6281336824274@s.whatsapp.net","xp":9598,"level":2},{"id":"6289518294358@s.whatsapp.net","xp":26223,"level":3},{"id":"6281808663020@s.whatsapp.net","xp":1,"level":1},{"id":"6282360518098@s.whatsapp.net","xp":1,"level":1},{"id":"6285277978922@s.whatsapp.net","xp":47925,"level":4},{"id":"6281218351772@s.whatsapp.net","xp":4537,"level":1},{"id":"918119971193@s.whatsapp.net","xp":91266,"level":5},{"id":"6289670611611@s.whatsapp.net","xp":1,"level":1},{"id":"994407170763@s.whatsapp.net","xp":13140,"level":2},{"id":"6288238462707@s.whatsapp.net","xp":1,"level":1},{"id":"919505579643@s.whatsapp.net","xp":1,"level":1}]