[{"id":"628979715167@s.whatsapp.net","limit":-2},{"id":"6282131513756@s.whatsapp.net","limit":-95},{"id":"6283141621181@s.whatsapp.net","limit":-52720},{"id":"601123713539@s.whatsapp.net","limit":-57},{"id":"60143727352@s.whatsapp.net","limit":-71},{"id":"6281315237711@s.whatsapp.net","limit":-34},{"id":"6287739654379@s.whatsapp.net","limit":5},{"id":"628971746302@s.whatsapp.net","limit":-231},{"id":"6281250508228@s.whatsapp.net","limit":2},{"id":"6285879339583@s.whatsapp.net","limit":-10},{"id":"6285227219588@s.whatsapp.net","limit":-662},{"id":"6289523041725@s.whatsapp.net","limit":-148018},{"id":"6289658939137@s.whatsapp.net","limit":-91},{"id":"628970221353@s.whatsapp.net","limit":-22},{"id":"6285825087433@s.whatsapp.net","limit":-8},{"id":"628872353582@s.whatsapp.net","limit":-193},{"id":"6285546373547@s.whatsapp.net","limit":-2092},{"id":"6287884620189@s.whatsapp.net","limit":2},{"id":"6287708881667@s.whatsapp.net","limit":0},{"id":"6285732634698@s.whatsapp.net","limit":21},{"id":"6288803025020@s.whatsapp.net","limit":2},{"id":"6285849340520@s.whatsapp.net","limit":-2},{"id":"6285787654579@s.whatsapp.net","limit":5},{"id":"6281316964822@s.whatsapp.net","limit":6},{"id":"6285796781446@s.whatsapp.net","limit":-2},{"id":"6282190869256@s.whatsapp.net","limit":19},{"id":"6281802920695@s.whatsapp.net","limit":-13},{"id":"6285707130343@s.whatsapp.net","limit":-134},{"id":"6281364696564@s.whatsapp.net","limit":13},{"id":"6285740544143@s.whatsapp.net","limit":-52},{"id":"6285369401096@s.whatsapp.net","limit":-15},{"id":"6289623314907@s.whatsapp.net","limit":15},{"id":"6285693358997@s.whatsapp.net","limit":-8},{"id":"6288227782404@s.whatsapp.net","limit":-3},{"id":"6285792669250@s.whatsapp.net","limit":-14},{"id":"6287807034981@s.whatsapp.net","limit":15},{"id":"6287802789712@s.whatsapp.net","limit":-2115},{"id":"6282287084166@s.whatsapp.net","limit":-51},{"id":"6288247142417@s.whatsapp.net","limit":-75},{"id":"6282215769134@s.whatsapp.net","limit":-41},{"id":"6281291497223@s.whatsapp.net","limit":4},{"id":"6289602676140@s.whatsapp.net","limit":10},{"id":"6283856985954@s.whatsapp.net","limit":1},{"id":"6282116391919@s.whatsapp.net","limit":-20},{"id":"6285741056111@s.whatsapp.net","limit":-14},{"id":"6288291479763@s.whatsapp.net","limit":-5},{"id":"6287722519255@s.whatsapp.net","limit":-32},{"id":"6282186833788@s.whatsapp.net","limit":-309},{"id":"6281213447199@s.whatsapp.net","limit":-2017},{"id":"62895330010129@s.whatsapp.net","limit":-45},{"id":"6287840554758@s.whatsapp.net","limit":-14},{"id":"6287818896988@s.whatsapp.net","limit":1},{"id":"6282151717363@s.whatsapp.net","limit":-9999999926},{"id":"628561764317@s.whatsapp.net","limit":-14},{"id":"6287857069212@s.whatsapp.net","limit":3},{"id":"6281286591152@s.whatsapp.net","limit":2},{"id":"6285705697589@s.whatsapp.net","limit":-3},{"id":"6282189977773@s.whatsapp.net","limit":-125},{"id":"6285156696314@s.whatsapp.net","limit":10},{"id":"62895358029192@s.whatsapp.net","limit":-7},{"id":"6281298667241@s.whatsapp.net","limit":-57},{"id":"6285726297302@s.whatsapp.net","limit":1},{"id":"62895622151215@s.whatsapp.net","limit":-1210},{"id":"6285784836805@s.whatsapp.net","limit":1},{"id":"6289655819061@s.whatsapp.net","limit":-48},{"id":"6285795368265@s.whatsapp.net","limit":-910000000000000000},{"id":"6281213729925@s.whatsapp.net","limit":-3},{"id":"6283878774080@s.whatsapp.net","limit":-3},{"id":"6285753983120@s.whatsapp.net","limit":-431},{"id":"6281392417813@s.whatsapp.net","limit":-2},{"id":"6281910195474@s.whatsapp.net","limit":-2},{"id":"6285715487091@s.whatsapp.net","limit":-198},{"id":"6285288969855@s.whatsapp.net","limit":-2},{"id":"6287758022820@s.whatsapp.net","limit":-6},{"id":"6285798859583@s.whatsapp.net","limit":-6},{"id":"6281918532071@s.whatsapp.net","limit":-101},{"id":"6283820073017@s.whatsapp.net","limit":-112},{"id":"6285815573014@s.whatsapp.net","limit":11},{"id":"6282280763589@s.whatsapp.net","limit":-1},{"id":"62895630651154@s.whatsapp.net","limit":1},{"id":"62831410044081@s.whatsapp.net","limit":5},{"id":"62881023352709@s.whatsapp.net","limit":-20},{"id":"6288805968941@s.whatsapp.net","limit":2},{"id":"60149426608@s.whatsapp.net","limit":-15},{"id":"6281376078098@s.whatsapp.net","limit":0},{"id":"6281396234922@s.whatsapp.net","limit":0},{"id":"6282314914726@s.whatsapp.net","limit":2},{"id":"6285336249244@s.whatsapp.net","limit":-47},{"id":"6287814936131@s.whatsapp.net","limit":1},{"id":"6285266171185@s.whatsapp.net","limit":2},{"id":"6281241446371@s.whatsapp.net","limit":-9},{"id":"6285892048430@s.whatsapp.net","limit":-131},{"id":"6285716210254@s.whatsapp.net","limit":-109},{"id":"628970920218@s.whatsapp.net","limit":-2},{"id":"6285692847030@s.whatsapp.net","limit":-10},{"id":"6285157758315@s.whatsapp.net","limit":0},{"id":"6281949136422@s.whatsapp.net","limit":-881},{"id":"6283846265315@s.whatsapp.net","limit":-3},{"id":"6288225270323@s.whatsapp.net","limit":-1569},{"id":"628999017276@s.whatsapp.net","limit":2},{"id":"6285872650482@s.whatsapp.net","limit":-2},{"id":"6289676422397@s.whatsapp.net","limit":16},{"id":"628991101398@s.whatsapp.net","limit":2},{"id":"60192527633@s.whatsapp.net","limit":-2},{"id":"6285645042274@s.whatsapp.net","limit":-72},{"id":"6285646739355@s.whatsapp.net","limit":0},{"id":"6283106534333@s.whatsapp.net","limit":-15},{"id":"6289603743991@s.whatsapp.net","limit":-1},{"id":"6282151974251@s.whatsapp.net","limit":-254},{"id":"6285759629843@s.whatsapp.net","limit":6},{"id":"6282333856383@s.whatsapp.net","limit":-684},{"id":"6285704369034@s.whatsapp.net","limit":0},{"id":"6281391272251@s.whatsapp.net","limit":3},{"id":"62895334300480@s.whatsapp.net","limit":6},{"id":"6283879080315@s.whatsapp.net","limit":4},{"id":"6285876735659@s.whatsapp.net","limit":-2},{"id":"6288270980674@s.whatsapp.net","limit":-41},{"id":"6289656226392@s.whatsapp.net","limit":2},{"id":"62895800031013@s.whatsapp.net","limit":0},{"id":"6287755776484@s.whatsapp.net","limit":3},{"id":"6285704209985@s.whatsapp.net","limit":-3},{"id":"6282310924339@s.whatsapp.net","limit":-75},{"id":"6288263409074@s.whatsapp.net","limit":2},{"id":"6281270363056@s.whatsapp.net","limit":2},{"id":"6288213259585@s.whatsapp.net","limit":2},{"id":"6282233237317@s.whatsapp.net","limit":16},{"id":"6281316793135@s.whatsapp.net","limit":1},{"id":"6285724512925@s.whatsapp.net","limit":-21},{"id":"6283817483786@s.whatsapp.net","limit":-825},{"id":"6281260899819@s.whatsapp.net","limit":1},{"id":"6285807469526@s.whatsapp.net","limit":-152},{"id":"6285778454238@s.whatsapp.net","limit":0},{"id":"6287774459674@s.whatsapp.net","limit":0},{"id":"6287880202071@s.whatsapp.net","limit":-8},{"id":"6285277635100@s.whatsapp.net","limit":7},{"id":"6281278218720@s.whatsapp.net","limit":-3},{"id":"6289630719381@s.whatsapp.net","limit":-27},{"id":"6287813523081@s.whatsapp.net","limit":2},{"id":"6289516819751@s.whatsapp.net","limit":-29},{"id":"6281273450142@s.whatsapp.net","limit":-1},{"id":"6281233559679@s.whatsapp.net","limit":-110110003},{"id":"6282285360859@s.whatsapp.net","limit":2},{"id":"6281246167985@s.whatsapp.net","limit":-54},{"id":"5513997105486@s.whatsapp.net","limit":2},{"id":"6283178425513@s.whatsapp.net","limit":-1},{"id":"6285389233820@s.whatsapp.net","limit":-8},{"id":"6289613926688@s.whatsapp.net","limit":-105},{"id":"6285721829502@s.whatsapp.net","limit":-13},{"id":"6287832082143@s.whatsapp.net","limit":2},{"id":"6285788549414@s.whatsapp.net","limit":2},{"id":"6281227798059@s.whatsapp.net","limit":-3},{"id":"6285772212292@s.whatsapp.net","limit":1},{"id":"6281315894233@s.whatsapp.net","limit":-2},{"id":"6281928235916@s.whatsapp.net","limit":2},{"id":"6282198068976@s.whatsapp.net","limit":-1.000000000000001e+21},{"id":"6283844409152@s.whatsapp.net","limit":2},{"id":"6281241437204@s.whatsapp.net","limit":-2},{"id":"6288228230175@s.whatsapp.net","limit":-3},{"id":"6281220132071@s.whatsapp.net","limit":-3},{"id":"6285693788630@s.whatsapp.net","limit":-31},{"id":"6283834314064@s.whatsapp.net","limit":3},{"id":"6282380770407@s.whatsapp.net","limit":-5},{"id":"6281293876445@s.whatsapp.net","limit":2},{"id":"6285240750713@s.whatsapp.net","limit":-15},{"id":"6281262593867@s.whatsapp.net","limit":-1},{"id":"628884111849@s.whatsapp.net","limit":5},{"id":"62895336144298@s.whatsapp.net","limit":-163},{"id":"6283894669236@s.whatsapp.net","limit":2},{"id":"6283168556669@s.whatsapp.net","limit":2},{"id":"6285727315168@s.whatsapp.net","limit":5},{"id":"6285895122220@s.whatsapp.net","limit":2},{"id":"6289670394574@s.whatsapp.net","limit":0},{"id":"6282163708107@s.whatsapp.net","limit":-142},{"id":"6285797911407@s.whatsapp.net","limit":-3},{"id":"6281548222749@s.whatsapp.net","limit":-3},{"id":"6285708667019@s.whatsapp.net","limit":-1},{"id":"79673881680@s.whatsapp.net","limit":2},{"id":"6285807453415@s.whatsapp.net","limit":-93},{"id":"6281330368414@s.whatsapp.net","limit":-15},{"id":"6288272024321@s.whatsapp.net","limit":-376},{"id":"6285242616212@s.whatsapp.net","limit":1},{"id":"6281247965365@s.whatsapp.net","limit":2},{"id":"6282159228481@s.whatsapp.net","limit":2},{"id":"6281381977015@s.whatsapp.net","limit":-6},{"id":"6283861681156@s.whatsapp.net","limit":-6},{"id":"6289648847616@s.whatsapp.net","limit":1},{"id":"6285338401221@s.whatsapp.net","limit":0},{"id":"6283869812072@s.whatsapp.net","limit":-1},{"id":"6285846572537@s.whatsapp.net","limit":-48},{"id":"6282247440545@s.whatsapp.net","limit":0},{"id":"6283169394792@s.whatsapp.net","limit":2},{"id":"6285880452613@s.whatsapp.net","limit":-9},{"id":"6282288640935@s.whatsapp.net","limit":-6},{"id":"6282338156918@s.whatsapp.net","limit":-54},{"id":"6288232168935@s.whatsapp.net","limit":2},{"id":"628117598199@s.whatsapp.net","limit":-500},{"id":"6285332366128@s.whatsapp.net","limit":-82},{"id":"6285268902601@s.whatsapp.net","limit":-1115},{"id":"6281572592439@s.whatsapp.net","limit":-3},{"id":"6289637040915@s.whatsapp.net","limit":-67},{"id":"628992610306@s.whatsapp.net","limit":-3},{"id":"6281377526694@s.whatsapp.net","limit":2},{"id":"6281339487880@s.whatsapp.net","limit":-9},{"id":"60167520965@s.whatsapp.net","limit":1},{"id":"62895350490103@s.whatsapp.net","limit":-52},{"id":"62813828362492@s.whatsapp.net","limit":-14},{"id":"62895806679908@s.whatsapp.net","limit":-15517},{"id":"6287833362646@s.whatsapp.net","limit":1},{"id":"6285604443200@s.whatsapp.net","limit":2},{"id":"62895700328895@s.whatsapp.net","limit":2},{"id":"6281339668339@s.whatsapp.net","limit":-1362},{"id":"6282260284596@s.whatsapp.net","limit":-52},{"id":"6281390411978@s.whatsapp.net","limit":2},{"id":"6282132646180@s.whatsapp.net","limit":-97},{"id":"6283126231969@s.whatsapp.net","limit":4},{"id":"6281515860089@s.whatsapp.net","limit":2},{"id":"6285773090560@s.whatsapp.net","limit":-2},{"id":"6281546858908@s.whatsapp.net","limit":0},{"id":"6285299428819@s.whatsapp.net","limit":-104},{"id":"6281282320740@s.whatsapp.net","limit":-1001},{"id":"62895613126425@s.whatsapp.net","limit":2},{"id":"6289650814969@s.whatsapp.net","limit":2},{"id":"62895390960123@s.whatsapp.net","limit":-9},{"id":"6288294232153@s.whatsapp.net","limit":2},{"id":"6287877143214@s.whatsapp.net","limit":-2213},{"id":"6285856917800@s.whatsapp.net","limit":3},{"id":"6281257499298@s.whatsapp.net","limit":1},{"id":"6281999525044@s.whatsapp.net","limit":2},{"id":"6282283398162@s.whatsapp.net","limit":1},{"id":"6283802341424@s.whatsapp.net","limit":-16},{"id":"6281216659906@s.whatsapp.net","limit":1},{"id":"6285691783648@s.whatsapp.net","limit":-18},{"id":"6285694435618@s.whatsapp.net","limit":1},{"id":"6282136153691@s.whatsapp.net","limit":-995},{"id":"6281387251816@s.whatsapp.net","limit":2},{"id":"6287711651990@s.whatsapp.net","limit":-148},{"id":"6282116005693@s.whatsapp.net","limit":2},{"id":"62895422623817@s.whatsapp.net","limit":2},{"id":"6281573216768@s.whatsapp.net","limit":-3},{"id":"6285738033165@s.whatsapp.net","limit":2},{"id":"62895802964477@s.whatsapp.net","limit":0},{"id":"6285399503587@s.whatsapp.net","limit":-17},{"id":"6283130567548@s.whatsapp.net","limit":2},{"id":"6282280414564@s.whatsapp.net","limit":2},{"id":"62895618424003@s.whatsapp.net","limit":-7914},{"id":"60182375824@s.whatsapp.net","limit":1},{"id":"6289649942208@s.whatsapp.net","limit":2},{"id":"6281268070636@s.whatsapp.net","limit":2},{"id":"628871936538@s.whatsapp.net","limit":2},{"id":"60163863274@s.whatsapp.net","limit":2},{"id":"6285651056386@s.whatsapp.net","limit":2},{"id":"6285713752661@s.whatsapp.net","limit":2},{"id":"6287736415947@s.whatsapp.net","limit":-2},{"id":"62859141494495@s.whatsapp.net","limit":1},{"id":"6285372595219@s.whatsapp.net","limit":-7},{"id":"6288216973551@s.whatsapp.net","limit":2},{"id":"6285349605120@s.whatsapp.net","limit":-4},{"id":"6289514991057@s.whatsapp.net","limit":1},{"id":"6287703662494@s.whatsapp.net","limit":-6},{"id":"6285365385191@s.whatsapp.net","limit":2},{"id":"6281343942388@s.whatsapp.net","limit":0},{"id":"6281246096310@s.whatsapp.net","limit":-10},{"id":"6282127103335@s.whatsapp.net","limit":-5},{"id":"628989519165@s.whatsapp.net","limit":2},{"id":"6283801796805@s.whatsapp.net","limit":2},{"id":"6281244419945@s.whatsapp.net","limit":2},{"id":"6283824785002@s.whatsapp.net","limit":2},{"id":"6281346238815@s.whatsapp.net","limit":0},{"id":"6283825747155@s.whatsapp.net","limit":2},{"id":"628819005140@s.whatsapp.net","limit":-2},{"id":"60196731516@s.whatsapp.net","limit":-4714},{"id":"6285856188774@s.whatsapp.net","limit":-15},{"id":"6285717121327@s.whatsapp.net","limit":1},{"id":"6282294770494@s.whatsapp.net","limit":-1},{"id":"628816237179@s.whatsapp.net","limit":2},{"id":"6281929707719@s.whatsapp.net","limit":1},{"id":"6281271527017@s.whatsapp.net","limit":-7},{"id":"6283153725715@s.whatsapp.net","limit":-450},{"id":"6281228325330@s.whatsapp.net","limit":2},{"id":"6283161581261@s.whatsapp.net","limit":2},{"id":"6282197105766@s.whatsapp.net","limit":2},{"id":"6283165311162@s.whatsapp.net","limit":-70},{"id":"6287828588775@s.whatsapp.net","limit":0},{"id":"62813828362494@s.whatsapp.net","limit":-19},{"id":"62895601454010@s.whatsapp.net","limit":2},{"id":"62812492277860@s.whatsapp.net","limit":2},{"id":"62882009327069@s.whatsapp.net","limit":1},{"id":"6281239706976@s.whatsapp.net","limit":-10},{"id":"6289602968056@s.whatsapp.net","limit":2},{"id":"6285712460547@s.whatsapp.net","limit":1},{"id":"6283831025817@s.whatsapp.net","limit":0},{"id":"6285864050102@s.whatsapp.net","limit":2},{"id":"6283181193988@s.whatsapp.net","limit":1},{"id":"6288802715898@s.whatsapp.net","limit":2},{"id":"6281278580406@s.whatsapp.net","limit":1},{"id":"6289528841439@s.whatsapp.net","limit":-2},{"id":"6283805411228@s.whatsapp.net","limit":2},{"id":"6281211350795@s.whatsapp.net","limit":-3},{"id":"6283156601599@s.whatsapp.net","limit":2},{"id":"60166327873@s.whatsapp.net","limit":-1},{"id":"6287898715391@s.whatsapp.net","limit":-14},{"id":"6285763566284@s.whatsapp.net","limit":0},{"id":"6289517283052@s.whatsapp.net","limit":1},{"id":"6285669060829@s.whatsapp.net","limit":1},{"id":"6283106392149@s.whatsapp.net","limit":-5},{"id":"6282196899917@s.whatsapp.net","limit":2},{"id":"6282158408001@s.whatsapp.net","limit":-58},{"id":"6283191803372@s.whatsapp.net","limit":-6},{"id":"6281336643500@s.whatsapp.net","limit":2},{"id":"6285645038828@s.whatsapp.net","limit":-1},{"id":"6287726950876@s.whatsapp.net","limit":-1},{"id":"62895340503776@s.whatsapp.net","limit":-3},{"id":"6285923262367@s.whatsapp.net","limit":2},{"id":"6288805665207@s.whatsapp.net","limit":-1},{"id":"6281339094128@s.whatsapp.net","limit":-3},{"id":"6281953568961@s.whatsapp.net","limit":2},{"id":"6285705645580@s.whatsapp.net","limit":-17},{"id":"6285691053075@s.whatsapp.net","limit":2},{"id":"6282363190535@s.whatsapp.net","limit":1},{"id":"6282281321618@s.whatsapp.net","limit":1},{"id":"6283184036626@s.whatsapp.net","limit":1},{"id":"6285785938762@s.whatsapp.net","limit":1},{"id":"6289518294358@s.whatsapp.net","limit":-4},{"id":"6285246945053@s.whatsapp.net","limit":-6},{"id":"6281808663020@s.whatsapp.net","limit":2},{"id":"6282360518098@s.whatsapp.net","limit":2},{"id":"918119971193@s.whatsapp.net","limit":-11},{"id":"6289670611611@s.whatsapp.net","limit":0},{"id":"6285277978922@s.whatsapp.net","limit":-23},{"id":"6281336824274@s.whatsapp.net","limit":1},{"id":"6288238462707@s.whatsapp.net","limit":1},{"id":"919505579643@s.whatsapp.net","limit":2},{"id":"6281286969768@s.whatsapp.net","limit":1}]