[{"id":"6283141621181@s.whatsapp.net","name":"Kevin","age":"20","time":"14/03 19:40:02","serial":"b45b13c7b96aa57f1d36"},{"id":"628979715167@s.whatsapp.net","name":"abyss ","age":"17","time":"14/03 19:40:44","serial":"129be139e17e1161d1d5"},{"id":"6285227219588@s.whatsapp.net","name":"putra","age":"17","time":"14/03 19:40:52","serial":"9a4cc7f45b6630aa3ca7"},{"id":"6289523041725@s.whatsapp.net","name":"Felix","age":"12","time":"14/03 19:41:02","serial":"b8d9d09b72d3e479bd94"},{"id":"6281328585184@s.whatsapp.net","name":"Rama","age":"18","time":"14/03 19:41:27","serial":"c5cde566ad906e7cd5b9"},{"id":"6281213447199@s.whatsapp.net","name":"berthold","age":"851","time":"14/03 19:41:36","serial":"8441d6408a9ee4bfe7ae"},{"id":"6282131513756@s.whatsapp.net","name":"Minn","age":"16","time":"14/03 19:41:36","serial":"8a727516c9088f177e21"},{"id":"60143727352@s.whatsapp.net","name":"kazuma","age":"14","time":"14/03 19:41:46","serial":"f5f79785d63f1acc6c90"},{"id":"6287840554758@s.whatsapp.net","name":"silvya","age":"15 tahun","time":"14/03 19:41:49","serial":"69ff7afa62dc092bfc30"},{"id":"6281802920695@s.whatsapp.net","name":"tasya","age":"12","time":"14/03 19:41:59","serial":"ce386a96d3af1aef58da"},{"id":"601123713539@s.whatsapp.net","name":"Zero","age":"16","time":"14/03 19:42:01","serial":"f1fc7102751dbb7993bf"},{"id":"6285798859583@s.whatsapp.net","name":"deckai","age":"13","time":"14/03 19:42:05","serial":"5e32e03e1d02ae3f8b2d"},{"id":"6285787654579@s.whatsapp.net","name":"Eka","age":"15","time":"14/03 19:42:10","serial":"389f9d1cc31459e74fed"},{"id":"6288263409074@s.whatsapp.net","name":"ella","age":"13","time":"14/03 19:42:10","serial":"8497f23e16138050fea7"},{"id":"6289623314907@s.whatsapp.net","name":"Titan","age":"500","time":"14/03 19:42:29","serial":"e03e362723a35d720255"},{"id":"6281315237711@s.whatsapp.net","name":"zira","age":"14","time":"14/03 19:43:11","serial":"a49e1d1d0966badb3583"},{"id":"6285815573014@s.whatsapp.net","name":"Rina","age":"17","time":"14/03 19:43:41","serial":"31bd6460cfcc2ec2ca3d"},{"id":"6283817483786@s.whatsapp.net","name":"kaminari ","age":" 666","time":"14/03 19:43:55","serial":"0d24cd87579c253105ca"},{"id":"6287739654379@s.whatsapp.net","name":"Rosalia","age":"19","time":"14/03 19:44:33","serial":"409b788fd74574873ac4"},{"id":"628884111849@s.whatsapp.net","name":"Zyan","age":"11","time":"14/03 19:44:44","serial":"849b7721ee3910e772f8"},{"id":"628971746302@s.whatsapp.net","name":"Misha Necro","age":"13","time":"14/03 19:44:54","serial":"6173b50f121d97e7a4cc"},{"id":"6287708881667@s.whatsapp.net","name":"Kevin","age":"15","time":"14/03 19:45:15","serial":"9d223b8711e808bbe763"},{"id":"6282280763589@s.whatsapp.net","name":"Triana","age":"14","time":"14/03 19:45:20","serial":"45b998694d523483047d"},{"id":"6281250508228@s.whatsapp.net","name":"Kepo","age":"17","time":"14/03 19:46:07","serial":"08c6460c5696e2edd538"},{"id":"6285879339583@s.whatsapp.net","name":"manusia","age":"100","time":"14/03 19:47:16","serial":"668f54aba67edcfe4227"},{"id":"6282189977773@s.whatsapp.net","name":"iksan","age":"18 tahun","time":"14/03 19:47:47","serial":"5dc2411dc2c5d98d11ac"},{"id":"6283856985954@s.whatsapp.net","name":"ɴᴋ.ʏᴜɪɢᴀʜᴀᴍᴀ","age":"17","time":"14/03 19:47:58","serial":"d9ee679a0f72c0ca3c08"},{"id":"6289658939137@s.whatsapp.net","name":"Zidane","age":"14","time":"15/03 12:45:12","serial":"5e9034ef947364f3cbaa"},{"id":"6285825087433@s.whatsapp.net","name":"SkYui","age":"18","time":"15/03 12:45:47","serial":"8b5bd4f7c05840ee3e4a"},{"id":"628970221353@s.whatsapp.net","name":"Trigger","age":"18","time":"15/03 12:46:49","serial":"5fd144e166dc45610b23"},{"id":"628872353582@s.whatsapp.net","name":"lightyagami","age":"15","time":"15/03 12:48:48","serial":"015ac0d08dbbf11c9c77"},{"id":"6285546373547@s.whatsapp.net","name":"arifgans","age":"15","time":"15/03 12:49:19","serial":"39e1cab063e023ec44eb"},{"id":"6287884620189@s.whatsapp.net","name":"fatahillah","age":"17","time":"15/03 12:49:19","serial":"57ed123a5720a4e1baa8"},{"id":"6282343530490@s.whatsapp.net","name":"Febri","age":"18","time":"15/03 12:57:41","serial":"39dfc8006e6b90259d10"},{"id":"6281364696564@s.whatsapp.net","name":"sigit","age":"100","time":"15/03 12:58:42","serial":"49d7707de54d1c22322a"},{"id":"6285849340520@s.whatsapp.net","name":"yamaguchi","age":"15","time":"15/03 13:02:16","serial":"431965a554b88bace3c2"},{"id":"6289656226392@s.whatsapp.net","name":"Tn","age":"17","time":"15/03 13:02:48","serial":"0cf5791b5a68b221ead1"},{"id":"6285732634698@s.whatsapp.net","name":"rusdi","age":"14","time":"15/03 13:03:34","serial":"65f8aec1cd1c6f69fd58"},{"id":"6288803025020@s.whatsapp.net","name":"ryuuki","age":"14","time":"15/03 13:05:29","serial":"8c895c33edf9a47bed08"},{"id":"6281316964822@s.whatsapp.net","name":"benhur","age":"13","time":"15/03 13:27:52","serial":"5a0991d16aaaa0fc3e9e"},{"id":"6285796781446@s.whatsapp.net","name":"Vincent","age":"13","time":"15/03 13:28:02","serial":"d9a70a783962666c23fa"},{"id":"6282190869256@s.whatsapp.net","name":"kyl","age":"14","time":"15/03 13:33:10","serial":"af2198af3a0efa87bd44"},{"id":"6285707130343@s.whatsapp.net","name":"Adam","age":" 21","time":"15/03 13:36:23","serial":"2383a135e3f22d94e5b2"},{"id":"6285740544143@s.whatsapp.net","name":"Satrio Utomo","age":"18","time":"15/03 13:39:08","serial":"861d4545869fcbe66fa7"},{"id":"6285336249244@s.whatsapp.net","name":"daftar Wahyu","age":"20","time":"15/03 14:10:13","serial":"fb000359840eec9c3352"},{"id":"6285712712324@s.whatsapp.net","name":"aksk","age":"9383","time":"15/03 14:23:47","serial":"30b1b5e482f14b2615be"},{"id":"6282186833788@s.whatsapp.net","name":"Ryn","age":"15","time":"15/03 14:24:31","serial":"27f3fbeffc4332e8f71c"},{"id":"6285369401096@s.whatsapp.net","name":"anela","age":"13","time":"15/03 14:28:05","serial":"bf2a37e891e765119b2b"},{"id":"6288227782404@s.whatsapp.net","name":"bintang","age":"14","time":"15/03 14:28:13","serial":"78dd53d82707dd23412e"},{"id":"6285693358997@s.whatsapp.net","name":"🥵🤬🤒😜😝😏😭","age":"199","time":"15/03 15:55:01","serial":"6fd9ec54a41eca889714"},{"id":"6285792669250@s.whatsapp.net","name":"acha","age":"17","time":"15/03 16:01:11","serial":"dfa533964eb1f707638b"},{"id":"6287802789712@s.whatsapp.net","name":"hafifah","age":"12","time":"15/03 16:07:39","serial":"e76c40cbaac36871c0cb"},{"id":"6287807034981@s.whatsapp.net","name":"nabil","age":"13","time":"15/03 16:07:54","serial":"95baac21b1f62781cb4b"},{"id":"6288293217641@s.whatsapp.net","name":"chio","age":"20","time":"15/03 16:12:13","serial":"92188e30bb824db6fdb2"},{"id":"6282287084166@s.whatsapp.net","name":"zidan","age":"15","time":"15/03 16:12:24","serial":"f706e9b534f16f0b52db"},{"id":"6289655819061@s.whatsapp.net","name":"veldora","age":"16","time":"15/03 16:49:51","serial":"0cf379a864ca18d19325"},{"id":"6288247142417@s.whatsapp.net","name":"Cindy","age":"11","time":"15/03 16:51:24","serial":"c72ccc583acea00c3abc"},{"id":"6282215769134@s.whatsapp.net","name":"Shuu","age":"17","time":"15/03 17:38:09","serial":"3d04ee6e8fd813ebf42a"},{"id":"6281774993989@s.whatsapp.net","name":"Romeo","age":"17","time":"15/03 17:38:41","serial":"14bf1bb5ea7d35afe1c7"},{"id":"6287818896988@s.whatsapp.net","name":"sabrina","age":"16","time":"15/03 17:48:34","serial":"c494f4e42df49421a971"},{"id":"6281291497223@s.whatsapp.net","name":"Ichidore","age":"18","time":"15/03 17:57:59","serial":"fde5df2eb4c1a7239a56"},{"id":"6289602676140@s.whatsapp.net","name":"Sakana","age":"16","time":"15/03 18:33:08","serial":"2940d7cb3e905e524e83"},{"id":"6281286591152@s.whatsapp.net","name":"gigi","age":"18","time":"15/03 18:51:21","serial":"5ed1f14e35f24a4d861d"},{"id":"6281918532071@s.whatsapp.net","name":"Levia☆tan","age":"17","time":"15/03 19:03:30","serial":"6374ad5f36a29dded64f"},{"id":"6282116391919@s.whatsapp.net","name":"Kevin","age":"18","time":"15/03 19:35:37","serial":"b23317e4b10808fde132"},{"id":"6285741056111@s.whatsapp.net","name":"","age":"17","time":"15/03 20:18:31","serial":"05d20d0d2723917c96e6"},{"id":"6288291479763@s.whatsapp.net","name":"issei","age":"16","time":"15/03 20:52:18","serial":"ae4244744b6eef078843"},{"id":"6287722519255@s.whatsapp.net","name":"tirtir","age":"14","time":"15/03 21:02:15","serial":"3113a49db25d7a2f5e7b"},{"id":"6283846265315@s.whatsapp.net","name":"Asakura","age":"17","time":"16/03 10:58:42","serial":"52704cdd654babea8144"},{"id":"62895330010129@s.whatsapp.net","name":"Alvin","age":"18","time":"16/03 11:20:10","serial":"42c691cce2a839dd59ac"},{"id":"628561764317@s.whatsapp.net","name":"rehan","age":"17","time":"16/03 11:43:02","serial":"c18955f4c92f0233dd16"},{"id":"6287857069212@s.whatsapp.net","name":"Tosana Hirito ","age":" 19","time":"16/03 12:00:25","serial":"f09e662620b255e41994"},{"id":"6282195753709@s.whatsapp.net","name":"Anoky","age":"16","time":"16/03 12:01:26","serial":"11cf6a7134ab7b6fd439"},{"id":"6281376078098@s.whatsapp.net","name":"><","age":"22","time":"16/03 12:05:19","serial":"4827af342117a0f062d3"},{"id":"6285795368265@s.whatsapp.net","name":"RENDY","age":"17","time":"16/03 13:08:05","serial":"f63fe589cf46b0503cf9"},{"id":"6285784836805@s.whatsapp.net","name":"Zeze","age":"16","time":"16/03 13:28:04","serial":"87cf75b15d4f1039f9de"},{"id":"6285157758315@s.whatsapp.net","name":"wahyu","age":"16","time":"16/03 13:28:06","serial":"a17da51781b8831fe339"},{"id":"6285705697589@s.whatsapp.net","name":"yaya & boboiboy","age":"12","time":"16/03 13:34:29","serial":"1bf3ce5a144d6211e2dd"},{"id":"6285706919084@s.whatsapp.net","name":"afa","age":"17","time":"16/03 13:43:48","serial":"d8047a3c4aac9a5d8f74"},{"id":"6285156696314@s.whatsapp.net","name":"ilham","age":"15","time":"16/03 14:31:29","serial":"374303282c7be7d6a2b1"},{"id":"62895358029192@s.whatsapp.net","name":"MyNameIsardi","age":"999","time":"16/03 14:31:50","serial":"7a280066e0d7b8622249"},{"id":"6281298667241@s.whatsapp.net","name":"Rehan ","age":" 14","time":"16/03 14:37:37","serial":"b94e225c9b59459ab248"},{"id":"6285726297302@s.whatsapp.net","name":"nno","age":"23","time":"16/03 15:54:54","serial":"84caababe239ae011a3d"},{"id":"6287814936131@s.whatsapp.net","name":"ganteng","age":"14","time":"16/03 16:15:09","serial":"1704b666e90251a4c954"},{"id":"6281220132071@s.whatsapp.net","name":"jidan","age":"14","time":"16/03 16:39:54","serial":"979d26910a33d4997d2c"},{"id":"6281213729925@s.whatsapp.net","name":"Aris","age":"16","time":"16/03 16:42:29","serial":"1073359102b8208ba8b9"},{"id":"62895622151215@s.whatsapp.net","name":"khuro","age":"12","time":"16/03 17:34:43","serial":"065b652e35749c4d4a41"},{"id":"6285753983120@s.whatsapp.net","name":"Bella","age":"13","time":"16/03 17:36:00","serial":"8b2df4ade7da7e5ba616"},{"id":"6288805968941@s.whatsapp.net","name":"Ilham R","age":"19","time":"16/03 18:11:34","serial":"c013c305c0c9c4b2a829"},{"id":"6285288969855@s.whatsapp.net","name":"Hafiz","age":"18","time":"16/03 18:53:16","serial":"8266aeac6b197286f596"},{"id":"6283878774080@s.whatsapp.net","name":"edhan","age":"100","time":"16/03 18:55:18","serial":"3f9ae8b63b3699422b25"},{"id":"6281392417813@s.whatsapp.net","name":"Gustiadi","age":"15","time":"16/03 19:22:04","serial":"f0aaa44f7673d891e191"},{"id":"6281910195474@s.whatsapp.net","name":"joy","age":"18","time":"16/03 19:34:35","serial":"047ba27ba547af5035d6"},{"id":"6282151974251@s.whatsapp.net","name":"jack","age":"15","time":"16/03 19:54:40","serial":"8c5a9e427394d91fcd30"},{"id":"62831410044081@s.whatsapp.net","name":"putra","age":"12","time":"17/03 10:44:36","serial":"e45e11825c33e4e484a7"},{"id":"62895700328895@s.whatsapp.net","name":"Rahma","age":"17","time":"17/03 10:53:38","serial":"073aa9537295242f9c5e"},{"id":"6285715487091@s.whatsapp.net","name":"agis","age":"23","time":"17/03 11:05:30","serial":"60f165b163864cce6516"},{"id":"6285722452521@s.whatsapp.net","name":"rafe","age":"17","time":"17/03 11:09:49","serial":"197b961a265a684e451b"},{"id":"6287758022820@s.whatsapp.net","name":"Kevin","age":"18","time":"17/03 12:07:58","serial":"9e89f412f5d6abca4d59"},{"id":"6283820073017@s.whatsapp.net","name":"🐦","age":"20","time":"17/03 13:34:14","serial":"1a5d626202fb46896959"},{"id":"6282280414564@s.whatsapp.net","name":"Sopal","age":"16","time":"17/03 13:42:45","serial":"7ad47326f67ac7f0e842"},{"id":"62895630651154@s.whatsapp.net","name":"Rachman ","age":"18","time":"17/03 14:34:42","serial":"b7ec563e417b9defa778"},{"id":"6281396234922@s.whatsapp.net","name":"rezy","age":"14","time":"17/03 16:38:30","serial":"b0c299691edbb64ef6a6"},{"id":"62881023352709@s.whatsapp.net","name":"darel","age":"17","time":"17/03 16:38:58","serial":"028f95ed9e9a547d1de3"},{"id":"60149426608@s.whatsapp.net","name":"jiyuei","age":"14","time":"17/03 18:33:26","serial":"645a5bfef551c9180f77"},{"id":"6288286421519@s.whatsapp.net","name":"Miku","age":"17","time":"17/03 18:42:54","serial":"a1fc1349a574c4977a74"},{"id":"6282314914726@s.whatsapp.net","name":"Tina","age":"17","time":"17/03 20:24:13","serial":"03449b58305c9a387cb6"},{"id":"6285692847030@s.whatsapp.net","name":"mad","age":"18","time":"18/03 11:16:22","serial":"03b4f04e7fa0e55c6844"},{"id":"6285266171185@s.whatsapp.net","name":"Fito","age":"16","time":"18/03 15:37:08","serial":"22de3837a8c819e24de0"},{"id":"6281241446371@s.whatsapp.net","name":"bam","age":"20","time":"18/03 15:52:14","serial":"839c52405cb0a9c3211e"},{"id":"6285716210254@s.whatsapp.net","name":"hoax","age":"2020","time":"19/03 11:01:33","serial":"a0ff12cfe7ee489ff5b7"},{"id":"6285892048430@s.whatsapp.net","name":"Lingga","age":"13","time":"19/03 11:20:45","serial":"5c612dff0de83d132838"},{"id":"628970920218@s.whatsapp.net","name":"PKI","age":"17","time":"19/03 12:28:36","serial":"86eaace213c7e21c949a"},{"id":"6281949136422@s.whatsapp.net","name":"dejou","age":"15","time":"19/03 14:09:20","serial":"09e764e9581a5f1b7f14"},{"id":"6288225270323@s.whatsapp.net","name":"Nathan","age":"15","time":"19/03 15:14:30","serial":"80256cde31ed784cda89"},{"id":"6289516819751@s.whatsapp.net","name":"bila","age":"15","time":"20/03 11:37:20","serial":"5877c6b3b342913eb43f"},{"id":"628999017276@s.whatsapp.net","name":"kusen","age":"19","time":"20/03 12:41:14","serial":"c5e26dcc0406ef8872ec"},{"id":"6285872650482@s.whatsapp.net","name":"nanda","age":"11","time":"20/03 13:11:03","serial":"880ddceb48a8a0c4705e"},{"id":"6285641002605@s.whatsapp.net","name":"Ara","age":"17","time":"20/03 14:17:47","serial":"8b31cce0fa3a93dfc015"},{"id":"6289630847637@s.whatsapp.net","name":"harki","age":"17","time":"20/03 19:40:09","serial":"b5e4277969364458f5b0"},{"id":"628991101398@s.whatsapp.net","name":"Paris","age":"16","time":"20/03 19:55:33","serial":"960b13864f258be92d44"},{"id":"6289676422397@s.whatsapp.net","name":"Kiya","age":"16","time":"20/03 19:56:59","serial":"334cad584608c5c8766c"},{"id":"60192527633@s.whatsapp.net","name":"Ajim","age":"16","time":"20/03 20:34:53","serial":"f85e8505a833a9e1323e"},{"id":"6282335238749@s.whatsapp.net","name":"monic","age":"15","time":"20/03 20:50:29","serial":"a0fde18516233f04d062"},{"id":"6285645042274@s.whatsapp.net","name":"Selwi","age":"26","time":"21/03 10:45:21","serial":"df57cf8756a05322d04f"},{"id":"6285646739355@s.whatsapp.net","name":"kia","age":"15","time":"21/03 12:35:14","serial":"0e76afff90df3b6d8fb7"},{"id":"6283106534333@s.whatsapp.net","name":"nama buldes","age":"12","time":"21/03 12:37:24","serial":"ee5b6ab221b6eb05a308"},{"id":"62895800031013@s.whatsapp.net","name":"nama ~ ","age":"12","time":"21/03 12:47:24","serial":"42d982daea663c53692d"},{"id":"6289603743991@s.whatsapp.net","name":"Fathin","age":"17","time":"21/03 13:16:03","serial":"acd546bf71a20bcc970b"},{"id":"6285654041237@s.whatsapp.net","name":"sapi","age":"999","time":"21/03 18:33:48","serial":"775d8b1289be3eedcda4"},{"id":"6285759629843@s.whatsapp.net","name":"Aya","age":"15","time":"21/03 20:04:38","serial":"3b9839ad82e6c36f61db"},{"id":"6282333856383@s.whatsapp.net","name":"wahyu","age":"13","time":"21/03 20:51:48","serial":"ae36986a5c316e768959"},{"id":"6285704369034@s.whatsapp.net","name":"Saga","age":"18","time":"21/03 22:33:54","serial":"9c8e251feb270731fe21"},{"id":"6281391272251@s.whatsapp.net","name":"Sayang","age":"99","time":"22/03 09:18:31","serial":"9d0bb6fcadbdc9acee5d"},{"id":"6281315894233@s.whatsapp.net","name":"pawas","age":"13","time":"22/03 09:29:21","serial":"519021e131a95836075f"},{"id":"62895334300480@s.whatsapp.net","name":"alek","age":"20","time":"22/03 10:08:46","serial":"2380f973b49b8bcb6573"},{"id":"6283879080315@s.whatsapp.net","name":"rahma","age":"15","time":"22/03 10:19:59","serial":"56120fd30c1c8bd58129"},{"id":"6288270980674@s.whatsapp.net","name":"alfat","age":"14","time":"22/03 16:45:16","serial":"b5d3075dec4f5b89f15a"},{"id":"6285876735659@s.whatsapp.net","name":"nno","age":"22","time":"22/03 16:48:57","serial":"8dafed021e194963de8d"},{"id":"6287755776484@s.whatsapp.net","name":"Himoda","age":"15","time":"23/03 10:43:10","serial":"a6c42b7651004a5c4683"},{"id":"6285704209985@s.whatsapp.net","name":"Siska","age":"15","time":"23/03 15:11:40","serial":"aad7c67f07a1d4cc8d46"},{"id":"628998245333@s.whatsapp.net","name":"gilbert","age":"17","time":"23/03 15:12:15","serial":"f2e84d1f185bd37708eb"},{"id":"6282310924339@s.whatsapp.net","name":"Fathir","age":"15","time":"23/03 15:21:42","serial":"b0b0902676a9b787d79b"},{"id":"6281257499298@s.whatsapp.net","name":"fahmi","age":"24","time":"23/03 15:42:01","serial":"709625798e254390f3f0"},{"id":"6281270363056@s.whatsapp.net","name":"Joko ","age":" 24","time":"23/03 16:14:13","serial":"e04b20829ec59e59763a"},{"id":"6282288640935@s.whatsapp.net","name":"Tio","age":"20","time":"23/03 16:15:16","serial":"79776cac15437baa482e"},{"id":"6288213259585@s.whatsapp.net","name":"daftar awan","age":"17","time":"23/03 17:02:09","serial":"f783bafabe69b1db7979"},{"id":"6282233237317@s.whatsapp.net","name":"キラー","age":"99","time":"23/03 18:20:49","serial":"28182b177b5bb29c2583"},{"id":"6283875372250@s.whatsapp.net","name":"Psange","age":"16","time":"23/03 19:40:11","serial":"e45bc9107b7d1ecd20e1"},{"id":"6281316793135@s.whatsapp.net","name":"Heckel","age":"17","time":"23/03 19:54:41","serial":"eb8f1a8aea0e285093ae"},{"id":"6285724512925@s.whatsapp.net","name":"Rlyaxsc_","age":"15","time":"23/03 20:10:10","serial":"bff1318469f7f4a45b2b"},{"id":"6283192710020@s.whatsapp.net","name":"Salsa","age":"12","time":"24/03 13:03:46","serial":"df3b839c5f6d98565d2f"},{"id":"6285389233820@s.whatsapp.net","name":"Suhu","age":"18","time":"24/03 15:10:10","serial":"814f0679dee8519b3157"},{"id":"6285788549414@s.whatsapp.net","name":"siska","age":"13","time":"24/03 16:42:03","serial":"3782be83bbf7562756bb"},{"id":"6281260899819@s.whatsapp.net","name":"155341115 DAYS","age":"17","time":"25/03 11:39:59","serial":"158aef9988c149dcebb4"},{"id":"6285807469526@s.whatsapp.net","name":"firman","age":"12","time":"25/03 18:37:42","serial":"5c54279fc12151890b9c"},{"id":"6285778454238@s.whatsapp.net","name":"daftar Ryn","age":"16","time":"25/03 19:00:52","serial":"d125dffcb8839c6b5070"},{"id":"6281273450142@s.whatsapp.net","name":"Aan","age":"16","time":"25/03 19:55:13","serial":"20a395a2b04e843ee36c"},{"id":"6281278218720@s.whatsapp.net","name":"Ai","age":"13","time":"25/03 19:57:58","serial":"51f79457b1cb7f9d3d69"},{"id":"6287774459674@s.whatsapp.net","name":"Thierry","age":"18","time":"25/03 20:03:17","serial":"35df97d6ea6973600255"},{"id":"6287880202071@s.whatsapp.net","name":"Shifterking ","age":"17","time":"25/03 20:17:01","serial":"ce4eb77a211ca934d255"},{"id":"6285277635100@s.whatsapp.net","name":"Wann","age":"15","time":"25/03 20:21:32","serial":"4b24d25c771b2769a77f"},{"id":"6289630719381@s.whatsapp.net","name":"R ","age":" 13","time":"25/03 20:55:05","serial":"2b2ce6b537720e110990"},{"id":"6287813523081@s.whatsapp.net","name":"andi","age":"16","time":"25/03 20:57:32","serial":"c1556fcf7b905516547e"},{"id":"62895402739100@s.whatsapp.net","name":"Kevin","age":"18","time":"25/03 22:31:49","serial":"07f94a00f0dde3904994"},{"id":"6281233559679@s.whatsapp.net","name":"wawan","age":"18","time":"26/03 11:16:08","serial":"b713543f19389c0a64fc"},{"id":"6282285360859@s.whatsapp.net","name":"Sopal","age":"16","time":"26/03 12:32:21","serial":"a5eb35814f7c26481255"},{"id":"6281246167985@s.whatsapp.net","name":"Wahyu","age":"20","time":"26/03 13:07:52","serial":"3cb00ed27a00b8ed98d6"},{"id":"5513997105486@s.whatsapp.net","name":"mouiuu","age":"17","time":"26/03 13:23:36","serial":"f796831b747c4f62c91c"},{"id":"6283178425513@s.whatsapp.net","name":"Galih","age":"18","time":"26/03 15:34:12","serial":"515eb310197c8b267ec8"},{"id":"6282281502857@s.whatsapp.net","name":"Anisa","age":"15","time":"27/03 11:52:02","serial":"3a57fc3ce27014ba258d"},{"id":"6289613926688@s.whatsapp.net","name":"~","age":"13","time":"27/03 14:43:10","serial":"0911834f012289963122"},{"id":"6285721829502@s.whatsapp.net","name":"najib","age":"16","time":"27/03 17:46:05","serial":"7e8eb698541441836465"},{"id":"6289670394574@s.whatsapp.net","name":"kevin","age":"20","time":"27/03 22:44:20","serial":"aaefa18a8139fb1390e3"},{"id":"6287832082143@s.whatsapp.net","name":"Kaze","age":"76","time":"28/03 13:05:51","serial":"0c071514298bd595a0f9"},{"id":"6281227798059@s.whatsapp.net","name":"Ravada","age":"15","time":"28/03 19:07:39","serial":"b4087279534ec4636cae"},{"id":"6282113405897@s.whatsapp.net","name":"Fildrand","age":"15","time":"28/03 20:13:17","serial":"074997784eedc6024f86"},{"id":"6285772212292@s.whatsapp.net","name":"Fandi","age":"14","time":"28/03 20:19:45","serial":"748d3af741c3e1c38ad6"},{"id":"6281928235916@s.whatsapp.net","name":"pipit","age":"20 tahun","time":"29/03 21:16:32","serial":"ff1126bab62561957c94"},{"id":"6282198068976@s.whatsapp.net","name":"kang sadboy","age":"14","time":"30/03 11:52:35","serial":"7ed45a4d7ae57e2f30c1"},{"id":"6281231671556@s.whatsapp.net","name":"Asep","age":"80","time":"30/03 12:45:15","serial":"fafa953342e7a78c076f"},{"id":"6283844409152@s.whatsapp.net","name":"Tanjirou","age":"18","time":"30/03 19:15:47","serial":"587db7452ae2066ac502"},{"id":"6285807453415@s.whatsapp.net","name":"Esa","age":"17","time":"30/03 20:08:09","serial":"664757db960de9c40c09"},{"id":"628164272766@s.whatsapp.net","name":"hdhdv","age":"14","time":"30/03 21:27:56","serial":"f57db220c2db4f7bcad4"},{"id":"6281241437204@s.whatsapp.net","name":"Ivan","age":"15","time":"30/03 22:11:19","serial":"9ccd04b1b1193d884d56"},{"id":"6288228230175@s.whatsapp.net","name":"Udin","age":"19","time":"31/03 19:55:08","serial":"9e2f8878aea09ba6469c"},{"id":"62895336144298@s.whatsapp.net","name":"Anjayani","age":"3 bulan","time":"31/03 21:53:41","serial":"2e48ed843685c2ee98ba"},{"id":"6285693788630@s.whatsapp.net","name":"Hajime","age":"19","time":"01/04 19:36:39","serial":"bf16102ecd8efe09c7d6"},{"id":"6282380770407@s.whatsapp.net","name":"secret","age":"15","time":"02/04 19:36:43","serial":"5a753711283f4b6f49e7"},{"id":"6283834314064@s.whatsapp.net","name":"mella","age":"12","time":"02/04 23:24:25","serial":"529fa41937230fac57d5"},{"id":"6281293876445@s.whatsapp.net","name":"Yori","age":"16","time":"03/04 10:19:17","serial":"a5ac4abe3588cb34fdaa"},{"id":"6285753353608@s.whatsapp.net","name":"bego","age":"13","time":"03/04 16:25:36","serial":"d7f95582a46a07272c16"},{"id":"6281262593867@s.whatsapp.net","name":"kontolodon","age":"1400","time":"03/04 20:39:35","serial":"b1e26598d4414e73e26f"},{"id":"6285240750713@s.whatsapp.net","name":"Kevin","age":"18","time":"03/04 20:41:11","serial":"54dc569604d3b4fce85e"},{"id":"6285270927048@s.whatsapp.net","name":"celltzy","age":"01","time":"03/04 22:52:38","serial":"61484562338113a77b7e"},{"id":"6287897913273@s.whatsapp.net","name":"Rez","age":"15","time":"04/04 09:40:33","serial":"650fbe28d7b3396ee7b2"},{"id":"6281377526694@s.whatsapp.net","name":"undefined","age":"39.9","time":"04/04 21:16:09","serial":"53d719b361e88eb33269"},{"id":"6283894669236@s.whatsapp.net","name":"Vika","age":"14","time":"04/04 22:37:33","serial":"1169799701accc910848"},{"id":"6283168556669@s.whatsapp.net","name":"ayaki Rui","age":"19","time":"04/04 23:16:03","serial":"263c647b08885e393fb8"},{"id":"6285727315168@s.whatsapp.net","name":"mekinudine","age":"67","time":"05/04 05:47:31","serial":"0d38f836b11614a2200d"},{"id":"6285895122220@s.whatsapp.net","name":"★🚀NASA🚀★","age":"19","time":"05/04 15:27:44","serial":"f174633cae1bdf4b3d26"},{"id":"6281330368414@s.whatsapp.net","name":"Yanna ","age":" 14","time":"05/04 21:22:42","serial":"b60f60b47e1fb22c35c1"},{"id":"6282163708107@s.whatsapp.net","name":"miya","age":"13","time":"06/04 13:18:20","serial":"975c42e759bf560b7e70"},{"id":"6285797911407@s.whatsapp.net","name":"daftar udin","age":"22","time":"06/04 18:24:51","serial":"ccc50d598b7d4369605e"},{"id":"6281548222749@s.whatsapp.net","name":"Marco","age":"25","time":"06/04 18:37:36","serial":"b77c5694859b3491c22e"},{"id":"79673881680@s.whatsapp.net","name":"₩","age":"17","time":"06/04 22:41:13","serial":"a2375d214eceec5c89f5"},{"id":"6285708667019@s.whatsapp.net","name":"Fana","age":"16","time":"06/04 22:54:41","serial":"2ef76f3d24885eb082c0"},{"id":"6281223818994@s.whatsapp.net","name":"ages","age":"18","time":"07/04 06:17:30","serial":"99818dc6620d6349732c"},{"id":"6285382557453@s.whatsapp.net","name":"Saia","age":"18","time":"07/04 15:16:48","serial":"8d8d92d2e91dd9f0f25a"},{"id":"6288272024321@s.whatsapp.net","name":"Ghaisan","age":"19","time":"07/04 19:50:56","serial":"0d929410a418604e72dd"},{"id":"6285242616212@s.whatsapp.net","name":"Daftar arjen","age":"13","time":"07/04 21:08:14","serial":"858e4e8ace1fd27454ef"},{"id":"6281247965365@s.whatsapp.net","name":"gilang","age":"17","time":"07/04 21:14:14","serial":"175bc89471a91c33a7a3"},{"id":"6285961199804@s.whatsapp.net","name":"erzaa","age":"15","time":"08/04 13:27:25","serial":"13d261b71e18923f8f6e"},{"id":"6282159228481@s.whatsapp.net","name":"Tomy ","age":" 21","time":"08/04 13:42:46","serial":"efe28f213e59421792e0"},{"id":"6281381977015@s.whatsapp.net","name":"nathan","age":"15","time":"08/04 17:27:23","serial":"cf1b85e19e38892f9c87"},{"id":"6283861681156@s.whatsapp.net","name":"Kontolkecil","age":"20","time":"08/04 22:48:42","serial":"5f90d6e3c31d96b4c302"},{"id":"6289648847616@s.whatsapp.net","name":"hani","age":"18","time":"10/04 17:36:58","serial":"8aae9fef67b619908542"},{"id":"6283148417463@s.whatsapp.net","name":"Kazumi","age":"12","time":"10/04 17:55:59","serial":"63cbe950979a8e35bdb6"},{"id":"6285338401221@s.whatsapp.net","name":"dajjal","age":"23","time":"10/04 18:28:11","serial":"d27ff43854601266fe6a"},{"id":"6283869812072@s.whatsapp.net","name":"daftar jimi","age":"10","time":"10/04 18:30:28","serial":"58b74292c9e2a6f35fa2"},{"id":"60167520965@s.whatsapp.net","name":"penjualsarung","age":"98","time":"10/04 18:31:13","serial":"2d816c952ea4435ab375"},{"id":"6285846572537@s.whatsapp.net","name":"Roni","age":"19","time":"10/04 19:32:33","serial":"246000b5bced06fc5a7b"},{"id":"62895616041310@s.whatsapp.net","name":"vin","age":"20","time":"11/04 23:41:33","serial":"f403e52573a6abdc6823"},{"id":"62895321685296@s.whatsapp.net","name":"Cua","age":"14","time":"12/04 09:55:10","serial":"5e8e1ac31a1960d4b237"},{"id":"6282247440545@s.whatsapp.net","name":"Valent","age":"Banten","time":"12/04 10:57:20","serial":"2d8d4baf29cd0c137dc5"},{"id":"6283169394792@s.whatsapp.net","name":"z","age":"18","time":"12/04 13:06:00","serial":"b400c1eb76eab1979b09"},{"id":"6285880452613@s.whatsapp.net","name":"andin","age":"22","time":"12/04 16:54:38","serial":"f7082e3465fd068800a2"},{"id":"6288271563226@s.whatsapp.net","name":"SahurBinBuka","age":"18","time":"13/04 09:17:34","serial":"79f4a6f22175cecc14ae"},{"id":"6282338156918@s.whatsapp.net","name":"yanna","age":"14","time":"13/04 16:41:06","serial":"71789f9a9b58c649fec8"},{"id":"6288232168935@s.whatsapp.net","name":"PRemZ","age":"16","time":"14/04 15:47:40","serial":"14318c39d05ef60331eb"},{"id":"628117598199@s.whatsapp.net","name":"zui","age":"100","time":"14/04 18:45:50","serial":"7a3a259ed101260a0f4c"},{"id":"6285332366128@s.whatsapp.net","name":"salsa","age":"03","time":"14/04 18:48:28","serial":"b01c04d649901315fb93"},{"id":"62895350490103@s.whatsapp.net","name":"ian","age":"100","time":"14/04 18:52:24","serial":"e6ad9ee552d41554259c"},{"id":"6285268902601@s.whatsapp.net","name":"nofal","age":"17","time":"14/04 18:52:58","serial":"455b58689836827e90bb"},{"id":"6281572592439@s.whatsapp.net","name":"kagamine","age":"2222","time":"14/04 18:53:24","serial":"f7c1d0a7ef06e5cfd56e"},{"id":"628992610306@s.whatsapp.net","name":"Daftar sakuta","age":"16","time":"14/04 18:57:50","serial":"7ed8da2aba4cedb86c04"},{"id":"6289637040915@s.whatsapp.net","name":"Azmi","age":"18","time":"14/04 19:08:09","serial":"3fd327365d7bd331e07f"},{"id":"6282132646180@s.whatsapp.net","name":"zura","age":"14","time":"14/04 19:13:01","serial":"492a8ab8fbf240a229ce"},{"id":"6281339487880@s.whatsapp.net","name":"Winata","age":"14","time":"15/04 18:12:10","serial":"fb27b711e030e1734191"},{"id":"62813828362492@s.whatsapp.net","name":"ngontol","age":"15","time":"15/04 22:21:52","serial":"0c55fd5e6f24c0f8646c"},{"id":"6281370171344@s.whatsapp.net","name":"Rafi","age":"15","time":"15/04 22:33:52","serial":"f1b153d66e1fc13ad9fc"},{"id":"62895806679908@s.whatsapp.net","name":"Wahid","age":"14","time":"16/04 00:21:09","serial":"4f91bf143bc9262da909"},{"id":"6282123223061@s.whatsapp.net","name":"akbar","age":"18","time":"16/04 20:31:38","serial":"2774a9dedc8dbab39c94"},{"id":"6287833362646@s.whatsapp.net","name":"Dani","age":"21","time":"16/04 22:09:42","serial":"35bfa08676dcff1ea12f"},{"id":"6285604443200@s.whatsapp.net","name":"awan","age":"14","time":"18/04 11:23:59","serial":"f7f6369def9562bdd3a0"},{"id":"6281546858908@s.whatsapp.net","name":"noel","age":"10","time":"18/04 22:41:17","serial":"879e3ed4c2a7dcbda565"},{"id":"6281339668339@s.whatsapp.net","name":"Winata","age":"14","time":"19/04 18:06:25","serial":"191d74dd40fa536901d1"},{"id":"6285157499865@s.whatsapp.net","name":"snot","age":"19","time":"19/04 22:56:58","serial":"8b7fd180239499262312"},{"id":"6281216659906@s.whatsapp.net","name":"Bagus","age":"13","time":"20/04 17:57:09","serial":"b0ac8af2670e3ad938ff"},{"id":"6281390411978@s.whatsapp.net","name":"p","age":"18","time":"21/04 12:35:29","serial":"4b3aeefc607a046924c6"},{"id":"6283130567548@s.whatsapp.net","name":"Neyla","age":"17","time":"21/04 22:21:19","serial":"c323953d1fd0184d94c2"},{"id":"6283824785002@s.whatsapp.net","name":"galang ","age":" 13","time":"22/04 14:33:56","serial":"a24336b365de398ac8f8"},{"id":"6282260284596@s.whatsapp.net","name":"Avaritia","age":"19","time":"22/04 18:17:59","serial":"e50ad2e384cccffe939d"},{"id":"6285773090560@s.whatsapp.net","name":"kenma","age":"18","time":"22/04 18:49:12","serial":"d8f1c561b944c3c4ba85"},{"id":"6283126231969@s.whatsapp.net","name":"yo","age":"20","time":"22/04 20:18:28","serial":"1593bd52fb2179563d64"},{"id":"6281528743676@s.whatsapp.net","name":"plerluitem","age":"20","time":"22/04 20:19:19","serial":"d1ebfde87b5c69ef8c43"},{"id":"6281515860089@s.whatsapp.net","name":"Nurutomo","age":"16","time":"22/04 20:20:30","serial":"e8876922ea175a7ccc83"},{"id":"6287841171672@s.whatsapp.net","name":"cogan","age":"15","time":"22/04 21:16:53","serial":"50f67ded6ff435c5ba15"},{"id":"6285299428819@s.whatsapp.net","name":"jufri","age":"18","time":"23/04 11:02:13","serial":"079e0b3df44430588d8d"},{"id":"6281282320740@s.whatsapp.net","name":"samuel","age":"14","time":"23/04 11:04:35","serial":"526124edf785cb2fa664"},{"id":"62895613126425@s.whatsapp.net","name":"Ben","age":" 17","time":"23/04 13:07:11","serial":"968f88896ddcbb53b307"},{"id":"6289650814969@s.whatsapp.net","name":"misteri","age":"12","time":"23/04 13:11:09","serial":"21fe327d2553241f09ec"},{"id":"60133423726@s.whatsapp.net","name":"mika","age":"14","time":"23/04 13:14:41","serial":"c905e1a0cf51d8373b4c"},{"id":"6287877143214@s.whatsapp.net","name":"Keno","age":"16","time":"23/04 13:48:35","serial":"d81445293d5d0fc92852"},{"id":"62895390960123@s.whatsapp.net","name":"zahra","age":"15","time":"24/04 10:31:54","serial":"e1e0ca1ce07898f9b3f5"},{"id":"6288294232153@s.whatsapp.net","name":"au saha","age":"18","time":"24/04 20:40:03","serial":"d979b002fdb9145a0010"},{"id":"6285856917800@s.whatsapp.net","name":"ageng","age":"14","time":"26/04 04:11:08","serial":"7d3a102e170f94759ac0"},{"id":"60182375824@s.whatsapp.net","name":"Giyu","age":"17","time":"26/04 12:39:50","serial":"75850b361d30041af303"},{"id":"6281999525044@s.whatsapp.net","name":"Mikey","age":"13","time":"26/04 12:58:26","serial":"de76f508c69514180e66"},{"id":"6282283398162@s.whatsapp.net","name":"Dio","age":"17","time":"26/04 15:06:21","serial":"62fd28fb4039ed6faee3"},{"id":"6283802341424@s.whatsapp.net","name":"Surya","age":"15","time":"26/04 15:22:56","serial":"351e40c0de50a5070279"},{"id":"6285691783648@s.whatsapp.net","name":"Helgalia","age":"17","time":"26/04 15:23:27","serial":"64c0dde8b446c0e12474"},{"id":"6282136153691@s.whatsapp.net","name":"nama","age":"17","time":"26/04 22:38:38","serial":"c946330a67f88515fa35"},{"id":"6287711651990@s.whatsapp.net","name":"Anra","age":"17","time":"26/04 22:38:42","serial":"01526db7f321eb89535f"},{"id":"6281573216768@s.whatsapp.net","name":"Senpai","age":"20","time":"26/04 22:39:17","serial":"10c9a31bd0eeac5394bc"},{"id":"6285694435618@s.whatsapp.net","name":"arlequine","age":"15","time":"26/04 22:39:27","serial":"d975b70240691c5a1d25"},{"id":"6281271527017@s.whatsapp.net","name":"Renza ","age":" 17","time":"26/04 22:40:00","serial":"433294e79f18d9c53890"},{"id":"6281286969768@s.whatsapp.net","name":"wildan ","age":" 16","time":"26/04 22:41:15","serial":"ffd902bdc0d26e79b637"},{"id":"62895609817703@s.whatsapp.net","name":"Jani","age":"16","time":"27/04 00:25:03","serial":"5838b1bf2ea30821edb2"},{"id":"6281387251816@s.whatsapp.net","name":"lawliet","age":"16","time":"27/04 13:52:43","serial":"13e52849cfefae7ce040"},{"id":"6281211350795@s.whatsapp.net","name":"Arya","age":"16","time":"27/04 15:33:50","serial":"ce1770f5d0ae036d6d42"},{"id":"6283809697856@s.whatsapp.net","name":"Chieko","age":"13","time":"27/04 15:35:17","serial":"7137fcb7150863e1aafb"},{"id":"6282116005693@s.whatsapp.net","name":"Ayumi","age":"15","time":"27/04 19:08:52","serial":"1b9b71e810b2cb2c17ff"},{"id":"62895618424003@s.whatsapp.net","name":"mikey","age":"17","time":"27/04 20:06:22","serial":"1a6c4e541384d0ec7e28"},{"id":"62895422623817@s.whatsapp.net","name":"acenk","age":"15","time":"27/04 20:07:17","serial":"f51e8b570db557193de3"},{"id":"6285349605120@s.whatsapp.net","name":"Rischa","age":"15","time":"27/04 20:07:36","serial":"96c7e256c732fda683ca"},{"id":"6287828588775@s.whatsapp.net","name":"Ryuzi","age":"16","time":"27/04 20:09:34","serial":"64efb7fde9507b3f2bc8"},{"id":"6285713752661@s.whatsapp.net","name":"moon","age":"16","time":"27/04 20:09:34","serial":"127456c4a5a44da30555"},{"id":"6285738033165@s.whatsapp.net","name":"p","age":"16","time":"27/04 20:21:38","serial":"6414e57012517a4f3558"},{"id":"6283144320763@s.whatsapp.net","name":"amu","age":"14","time":"27/04 20:21:51","serial":"c9138bcf3f844887f6be"},{"id":"62895802964477@s.whatsapp.net","name":"Amy","age":"18","time":"27/04 20:21:52","serial":"9720d7b1e801bec7c29f"},{"id":"6285651056386@s.whatsapp.net","name":"tihka","age":"15","time":"27/04 20:22:33","serial":"3db16c26f891ee1eefb1"},{"id":"6285399503587@s.whatsapp.net","name":"Ary","age":"18","time":"27/04 20:23:01","serial":"09f1ae4ad279d6f8d8dc"},{"id":"628811369340@s.whatsapp.net","name":"g","age":"16","time":"28/04 03:12:00","serial":"d7d1a65ddd78516d5a70"},{"id":"60163863274@s.whatsapp.net","name":"Ikan","age":"14","time":"28/04 11:27:01","serial":"bcb725d32ec73922dee6"},{"id":"6285669060829@s.whatsapp.net","name":"Unan","age":"17","time":"28/04 12:02:53","serial":"b89184e3036930a7f088"},{"id":"6289649942208@s.whatsapp.net","name":"DAFTAR JARIS","age":"16 UDH YA","time":"28/04 19:35:20","serial":"6c7b7ab5b143997fc809"},{"id":"6281268070636@s.whatsapp.net","name":"daftar ayaki Rui","age":"17","time":"28/04 19:46:40","serial":"c70585278e26c53b1d85"},{"id":"628871936538@s.whatsapp.net","name":"Raka","age":"13","time":"28/04 19:52:20","serial":"acb0f22cb881934ef027"},{"id":"6285372595219@s.whatsapp.net","name":"hidayani","age":"19","time":"28/04 20:22:12","serial":"3bc14d3590070995d1a7"},{"id":"6281247945291@s.whatsapp.net","name":"Rhifky","age":"20","time":"29/04 01:10:45","serial":"caf5b16e35fdfd0ccf38"},{"id":"6282152259663@s.whatsapp.net","name":"Elsa","age":"15","time":"29/04 01:22:49","serial":"848635fa256a05f76330"},{"id":"6287736415947@s.whatsapp.net","name":"PoliPoliMer","age":"14","time":"29/04 13:11:12","serial":"51cc0bb86146590d9bb6"},{"id":"62859141494495@s.whatsapp.net","name":"Burhan","age":"13","time":"30/04 15:25:08","serial":"7ff8e38063510458a4a6"},{"id":"6281246096310@s.whatsapp.net","name":"Winata Jamsut ","age":" 14","time":"30/04 18:35:20","serial":"a136ad3000373fdb2935"},{"id":"6287703662494@s.whatsapp.net","name":"ㄒ卄乇•ᴳᵒᵈWₙₙₓ亗 ","age":"14","time":"01/05 04:00:47","serial":"7a64a6a5b059233b4fcd"},{"id":"62895324855074@s.whatsapp.net","name":"anakngentot","age":"18","time":"01/05 20:53:10","serial":"1370693b61cfb2f03a60"},{"id":"6288216973551@s.whatsapp.net","name":"Rama","age":"14","time":"02/05 11:51:31","serial":"58924a5594b8530b18b2"},{"id":"6283801796805@s.whatsapp.net","name":"Alinda","age":"15","time":"02/05 15:59:57","serial":"1ccc741868aee5e03093"},{"id":"6289514991057@s.whatsapp.net","name":"dadan ","age":"16","time":"02/05 16:26:46","serial":"7956798040306e35bc7a"},{"id":"6285374043700@s.whatsapp.net","name":"Arip","age":"16","time":"02/05 16:34:56","serial":"bfe21cdb8599c0498c08"},{"id":"6285365385191@s.whatsapp.net","name":"chaa","age":"15","time":"02/05 17:46:56","serial":"90eb2f158c7c1613ca28"},{"id":"6281343942388@s.whatsapp.net","name":"David","age":"17","time":"02/05 18:16:50","serial":"2f5520ef39a9d2415bfc"},{"id":"6282139877759@s.whatsapp.net","name":"misaki","age":"16","time":"03/05 05:45:55","serial":"e0337f08f7a5ca9f98a6"},{"id":"6282127103335@s.whatsapp.net","name":"nama nightd","age":"21","time":"03/05 10:54:29","serial":"dbfdc1c89d400a7d2f92"},{"id":"6285785938762@s.whatsapp.net","name":"amel","age":"17","time":"03/05 22:54:38","serial":"dc487c4d188d040efd9b"},{"id":"6285727736675@s.whatsapp.net","name":"vivi","age":"15","time":"04/05 19:01:44","serial":"8e95a170a8f4d61a5efe"},{"id":"628819005140@s.whatsapp.net","name":":x","age":"100","time":"04/05 19:05:31","serial":"b437a024212074f517cf"},{"id":"628989519165@s.whatsapp.net","name":"orang ilang","age":"18","time":"05/05 16:24:50","serial":"799a83ec712db8be5c69"},{"id":"6281244419945@s.whatsapp.net","name":"aiman","age":"17","time":"06/05 18:26:59","serial":"cb4884a7b896edd264ad"},{"id":"6281346238815@s.whatsapp.net","name":"zelig","age":"15","time":"06/05 21:07:56","serial":"84353b2ec7079d3b3d15"},{"id":"6285856188774@s.whatsapp.net","name":"Rendi","age":"17","time":"07/05 04:37:42","serial":"286a2c39be7846206d94"},{"id":"6283825747155@s.whatsapp.net","name":"dimas","age":"16","time":"07/05 12:00:46","serial":"68d156bed4d3eaeab1ab"},{"id":"60196731516@s.whatsapp.net","name":"Oreki Houtarou","age":"11","time":"08/05 14:48:56","serial":"8effae496c20d31ea50b"},{"id":"6287898715391@s.whatsapp.net","name":"alex","age":"60","time":"08/05 18:56:00","serial":"baf3df2209891d820b6f"},{"id":"6289639281488@s.whatsapp.net","name":"udin","age":"40","time":"08/05 18:56:53","serial":"d6cd38c9183f4629e519"},{"id":"6282294770494@s.whatsapp.net","name":"Emil","age":"19","time":"08/05 21:24:09","serial":"53a2c3f152dee2a7846c"},{"id":"6285717121327@s.whatsapp.net","name":"Riel","age":"23","time":"08/05 22:29:53","serial":"fc487d506f9a8218497b"},{"id":"6281249044930@s.whatsapp.net","name":"Ghifari","age":"18","time":"09/05 17:55:19","serial":"36df09029ce5b6b9bcc4"},{"id":"628816237179@s.whatsapp.net","name":"kanon","age":"19","time":"09/05 23:21:34","serial":"22674afa5072b6bed829"},{"id":"6285159975851@s.whatsapp.net","name":"agis","age":"20","time":"10/05 00:13:01","serial":"8a1dc07d0f551c45a145"},{"id":"6281929707719@s.whatsapp.net","name":"Hardi","age":"15","time":"10/05 10:37:43","serial":"adf5c6d8c74d303f2f56"},{"id":"6289517283052@s.whatsapp.net","name":"xontol ","age":" 19","time":"10/05 17:23:54","serial":"9a4a5fcbee03c7c59901"},{"id":"6283153725715@s.whatsapp.net","name":"Emil","age":"19","time":"10/05 17:45:48","serial":"c20cb55892c98a6b5d89"},{"id":"6282245884173@s.whatsapp.net","name":"supri ","age":"99999","time":"10/05 17:49:26","serial":"49b64a20fabcf85861d2"},{"id":"6288802715898@s.whatsapp.net","name":"raya","age":"17","time":"10/05 18:22:32","serial":"9e2699d6decdc171d065"},{"id":"6281228325330@s.whatsapp.net","name":"Asu ","age":" Sukoharjo","time":"10/05 18:55:42","serial":"180458f7764d4012345a"},{"id":"6283161581261@s.whatsapp.net","name":"ikhsan","age":"17","time":"11/05 07:29:17","serial":"97ea793f4ab067275aa9"},{"id":"6283165311162@s.whatsapp.net","name":"Arralia","age":"14","time":"11/05 22:09:12","serial":"cd9f19d54859eb1e7b82"},{"id":"6285810880705@s.whatsapp.net","name":"Jemi","age":"15","time":"12/05 14:21:32","serial":"cb15bb61ddb3c6a725fa"},{"id":"6285728592524@s.whatsapp.net","name":"zela","age":"16","time":"12/05 19:45:56","serial":"58590b0ee08107b51df5"},{"id":"6282197105766@s.whatsapp.net","name":"shima","age":"19","time":"13/05 17:40:42","serial":"e663c2ce23ec1707af5f"},{"id":"62813828362494@s.whatsapp.net","name":"ngontol","age":"16","time":"13/05 23:46:06","serial":"4c75a9d418e5c92afcfd"},{"id":"6289602968056@s.whatsapp.net","name":"Shido ","age":" 16","time":"14/05 09:50:43","serial":"0693a69f125260c93e96"},{"id":"6283831025817@s.whatsapp.net","name":"Asep","age":"18","time":"15/05 06:34:37","serial":"3c860753f38c5f26e545"},{"id":"6285712460547@s.whatsapp.net","name":"tata","age":"13","time":"15/05 13:33:16","serial":"064fa7c5373a5f818afb"},{"id":"62895601454010@s.whatsapp.net","name":"kocheng","age":"15","time":"16/05 09:42:30","serial":"8d9396da0550b384c43e"},{"id":"6285864050102@s.whatsapp.net","name":"rivandi","age":"16","time":"16/05 11:11:45","serial":"0c99bf5a1977beeb3c0b"},{"id":"6281278580406@s.whatsapp.net","name":"cella","age":"16","time":"17/05 11:40:39","serial":"bc5972448291d1a2195e"},{"id":"6281315650365@s.whatsapp.net","name":"Matamu","age":"90","time":"17/05 11:40:52","serial":"e12c88defa213994d2b9"},{"id":"6289528841439@s.whatsapp.net","name":"imam","age":"16","time":"17/05 11:41:24","serial":"fc97052dad5fc30ae4fc"},{"id":"6282151717363@s.whatsapp.net","name":"kevin","age":"50","time":"17/05 11:48:04","serial":"a72dd4d553a622f53ac2"},{"id":"6283805411228@s.whatsapp.net","name":"nama lisfa","age":"12","time":"17/05 12:10:10","serial":"b3f9022394073dfc815f"},{"id":"6283144413696@s.whatsapp.net","name":"dap","age":"16","time":"17/05 18:10:31","serial":"523efd63bf07c33ae9f4"},{"id":"6283156601599@s.whatsapp.net","name":"rany","age":"13","time":"17/05 18:35:12","serial":"7d70668e1ecf28417cb4"},{"id":"60166327873@s.whatsapp.net","name":"Adam","age":"18","time":"17/05 21:52:06","serial":"acf35d59a29fd36ef23a"},{"id":"6285763566284@s.whatsapp.net","name":"Lyon","age":"16","time":"18/05 09:36:33","serial":"a0b5ccf58a996a343bdc"},{"id":"6281319971083@s.whatsapp.net","name":"Exyz","age":"18","time":"18/05 10:18:46","serial":"e9aa25cab95a9c8cd572"},{"id":"6287726950876@s.whatsapp.net","name":"Daftar nama","age":"umur","time":"18/05 10:32:51","serial":"05836f9464c083b502e3"},{"id":"6285657258067@s.whatsapp.net","name":"kitsune","age":"16","time":"18/05 17:11:45","serial":"d170e2fdfab324250a17"},{"id":"6283106392149@s.whatsapp.net","name":"Airly✨","age":"18","time":"20/05 08:17:16","serial":"722bc90763b24af78089"},{"id":"6282196899917@s.whatsapp.net","name":"aulia","age":"15","time":"20/05 08:43:00","serial":"546faeea1e900fb56f62"},{"id":"6281336643500@s.whatsapp.net","name":"Fauzi","age":"16","time":"20/05 10:47:46","serial":"925e063d3e908d08d39b"},{"id":"6282158408001@s.whatsapp.net","name":"al","age":"18","time":"20/05 11:04:09","serial":"011ceb61f38b5cac5e8d"},{"id":"6283191803372@s.whatsapp.net","name":"mikasa","age":"10","time":"20/05 11:29:07","serial":"6bf48988c411f29e3a44"},{"id":"6285645038828@s.whatsapp.net","name":"ai","age":"18","time":"20/05 19:38:46","serial":"1984be4d31b28cae7228"},{"id":"6282199668369@s.whatsapp.net","name":"Amanda","age":"16","time":"21/05 08:20:27","serial":"2a381ed9c63aedcce13d"},{"id":"62895340503776@s.whatsapp.net","name":"Ehan","age":"16","time":"21/05 19:08:01","serial":"a4a1ca3ddf25a141ce77"},{"id":"6285923262367@s.whatsapp.net","name":"Adit","age":"66","time":"21/05 22:26:31","serial":"3ccdedc965866b0ec3ef"},{"id":"6288805665207@s.whatsapp.net","name":"Arin","age":"10","time":"22/05 11:20:05","serial":"51f2479739870fd120e2"},{"id":"6281339094128@s.whatsapp.net","name":"Ghina","age":"14","time":"22/05 11:48:29","serial":"dfc117f75ea9ea7db311"},{"id":"6282281321618@s.whatsapp.net","name":"kina","age":"19","time":"22/05 11:52:27","serial":"c41c1615baad2630190f"},{"id":"6281953568961@s.whatsapp.net","name":"Ethan","age":"17","time":"22/05 12:16:21","serial":"1456f982bbce8fb6a2af"},{"id":"6282363190535@s.whatsapp.net","name":"Dika","age":"16","time":"22/05 12:43:26","serial":"d20baf20fdc01338016c"},{"id":"6282318050389@s.whatsapp.net","name":"satria","age":"300","time":"23/05 18:07:32","serial":"9f18fe85026c75ba40f0"},{"id":"6285705645580@s.whatsapp.net","name":"David ","age":" 18","time":"23/05 18:23:42","serial":"197fbeab3f58ce77ddd6"},{"id":"62882009327069@s.whatsapp.net","name":"tobat bang","age":"100","time":"23/05 18:29:27","serial":"5f2e73b16a0e12da06b0"},{"id":"6285691053075@s.whatsapp.net","name":"botak","age":"14","time":"23/05 18:29:57","serial":"d76bde9258b2b573c906"},{"id":"6283142078773@s.whatsapp.net","name":"rifki","age":"15","time":"24/05 08:07:09","serial":"24dccf67bf4ddef115a2"},{"id":"6282224117790@s.whatsapp.net","name":"manusia","age":"12","time":"24/05 08:08:49","serial":"2aaff9aab5e04f120e85"},{"id":"6281239706976@s.whatsapp.net","name":"Ditocha","age":"16","time":"24/05 09:10:42","serial":"2614b733de79136a1bf0"},{"id":"6285246945053@s.whatsapp.net","name":"yeski","age":"13","time":"24/05 17:57:17","serial":"4a121d1a8087089c2418"},{"id":"6283184036626@s.whatsapp.net","name":"zafira","age":"15","time":"25/05 14:59:24","serial":"ac3ea72fc029ffb7c6e8"},{"id":"6281336824274@s.whatsapp.net","name":"Wahyu","age":"19","time":"25/05 19:20:45","serial":"6402b6fc16cb1a9d1e3f"},{"id":"6289518294358@s.whatsapp.net","name":"rian tod","age":"1945","time":"25/05 21:23:00","serial":"b3d3374abc8f55f41a5d"},{"id":"6281808663020@s.whatsapp.net","name":"ngab","age":"17","time":"26/05 12:27:26","serial":"c488dd1075f44ffe58a5"},{"id":"6282360518098@s.whatsapp.net","name":"aal","age":"21","time":"26/05 16:19:16","serial":"c4e5a8be76aa4d45aa0f"},{"id":"6285277978922@s.whatsapp.net","name":"zaky","age":"13","time":"26/05 16:43:34","serial":"bec45354cd2671748420"},{"id":"6281218351772@s.whatsapp.net","name":"Dewa","age":"99999","time":"26/05 16:46:10","serial":"e741af6b2fdd9e13acfe"},{"id":"918119971193@s.whatsapp.net","name":"Kevin","age":"18*","time":"26/05 16:51:38","serial":"9a509f19ecf4e27e148d"},{"id":"6289670611611@s.whatsapp.net","name":"ilham","age":"17","time":"26/05 17:00:42","serial":"fa9ab3802b5bdf031fac"},{"id":"994407170763@s.whatsapp.net","name":"Will","age":"17","time":"26/05 17:43:22","serial":"4b6a993cae313e26bbd3"},{"id":"6288238462707@s.whatsapp.net","name":"jaka","age":"16","time":"27/05 09:39:50","serial":"ff4b0692b142d0e6cbc0"},{"id":"919505579643@s.whatsapp.net","name":"sai","age":"20","time":"28/05 08:05:37","serial":"87790ef20e0fbe6972ec"}]